FacilityID,FlowName,Compartment,FlowAmount,Unit,DataReliability,Source,Year,FRS_ID,State,County,Location,NAICS
1002011,Carbon Monoxide,air,7789.8320691268,kg,2.0,NEI,2020,110000366915,Alabama,Jefferson,01073,331314
1002011,Nitrogen Oxides,air,19181.4415677808,kg,2.0,NEI,2020,110000366915,Alabama,Jefferson,01073,331314
1002011,PM2.5 Primary (Filt + Cond),air,1644.67240972034,kg,2.0,NEI,2020,110000366915,Alabama,Jefferson,01073,331314
1002011,Sulfur Dioxide,air,23333.462829507604,kg,2.0,NEI,2020,110000366915,Alabama,Jefferson,01073,331314
1002011,Volatile Organic Compounds,air,9554.8053400338,kg,2.0,NEI,2020,110000366915,Alabama,Jefferson,01073,331314
1011111,Carbon Monoxide,air,975.2235955,kg,2.0,NEI,2020,110001713922,Alabama,Talladega,01121,331314
1011111,Nitrogen Oxides,air,4876.1179775,kg,2.0,NEI,2020,110001713922,Alabama,Talladega,01121,331314
1011111,PM2.5 Primary (Filt + Cond),air,6973.5091383157205,kg,2.0,NEI,2020,110001713922,Alabama,Talladega,01121,331314
1011111,Sulfur Dioxide,air,29.302067102000002,kg,2.0,NEI,2020,110001713922,Alabama,Talladega,01121,331314
1011111,Volatile Organic Compounds,air,0.0,kg,4.999999999999999,NEI,2020,110001713922,Alabama,Talladega,01121,331314
10272711,Carbon Monoxide,air,462.66421740000004,kg,5.0,NEI,2020,110002934898,California,Los angeles,06037,331318
10272711,Nitrogen Oxides,air,1750.8665482000001,kg,5.0,NEI,2020,110002934898,California,Los angeles,06037,331318
10272711,PM2.5 Primary (Filt + Cond),air,408.913521555,kg,5.0,NEI,2020,110002934898,California,Los angeles,06037,331318
10272711,Sulfur Dioxide,air,8.168291398960001,kg,4.999999999999999,NEI,2020,110002934898,California,Los angeles,06037,331318
10272711,Volatile Organic Compounds,air,1233.443751348083,kg,5.0,NEI,2020,110002934898,California,Los angeles,06037,331318
10713111,Carbon Dioxide,air,18212264.3585729,kg,3.0,NEI,2020,110015680253,Kentucky,Warren,21227,331314
10713111,Carbon Monoxide,air,13072.713540348,kg,3.0,NEI,2020,110015680253,Kentucky,Warren,21227,331314
10713111,Nitrogen Oxides,air,15562.7542147,kg,3.0,NEI,2020,110015680253,Kentucky,Warren,21227,331314
10713111,PM2.5 Primary (Filt + Cond),air,3463.5755545303373,kg,2.0,NEI,2020,110015680253,Kentucky,Warren,21227,331314
10713111,Sulfur Dioxide,air,93.3765252882,kg,3.0,NEI,2020,110015680253,Kentucky,Warren,21227,331314
10713111,Volatile Organic Compounds,air,587.0891404147001,kg,2.9999999999999996,NEI,2020,110015680253,Kentucky,Warren,21227,331314
10802011,Carbon Dioxide,air,1592653.529544,kg,2.0,NEI,2020,110005864975,Illinois,Dekalb,17037,331318
10802011,Carbon Monoxide,air,110.495101332,kg,2.0,NEI,2020,110005864975,Illinois,Dekalb,17037,331318
10802011,Nitrogen Oxides,air,1333.5615678,kg,2.0,NEI,2020,110005864975,Illinois,Dekalb,17037,331318
10802011,PM2.5 Primary (Filt + Cond),air,175.74436375649998,kg,2.0,NEI,2020,110005864975,Illinois,Dekalb,17037,331318
10802011,Sulfur Dioxide,air,7.6203518159999994,kg,2.0,NEI,2020,110005864975,Illinois,Dekalb,17037,331318
10802011,Volatile Organic Compounds,air,32384.590130045995,kg,3.996007984031937,NEI,2020,110005864975,Illinois,Dekalb,17037,331318
1118311,Carbon Dioxide,air,43303907.42776684,kg,5.0,NEI,2020,110000597738,Arkansas,Hot spring,05059,331315
1118311,Carbon Monoxide,air,27702.92311923367,kg,2.062945428394974,NEI,2020,110000597738,Arkansas,Hot spring,05059,331315
1118311,Nitrogen Oxides,air,53051.69934340931,kg,2.5162394696571235,NEI,2020,110000597738,Arkansas,Hot spring,05059,331315
1118311,PM2.5 Primary (Filt + Cond),air,9987.294348606354,kg,2.0,NEI,2020,110000597738,Arkansas,Hot spring,05059,331315
1118311,Sulfur Dioxide,air,13005.44420883963,kg,2.985264540740763,NEI,2020,110000597738,Arkansas,Hot spring,05059,331315
1118311,Volatile Organic Compounds,air,151618.9791825988,kg,2.00570634846383,NEI,2020,110000597738,Arkansas,Hot spring,05059,331315
12863011,PM2.5 Primary (Filt + Cond),air,808.573758762,kg,2.0,NEI,2020,110028716502,Colorado,Pueblo,08101,331314
13865911,Carbon Monoxide,air,52013.2374872572,kg,2.999980570257704,NEI,2020,110000481979,California,Fresno,06019,331313
13865911,Nitrogen Oxides,air,6351.521281341777,kg,2.99966292233127,NEI,2020,110000481979,California,Fresno,06019,331313
13865911,PM2.5 Primary (Filt + Cond),air,5351.160850545888,kg,2.9999878676919196,NEI,2020,110000481979,California,Fresno,06019,331313
13865911,Sulfur Dioxide,air,214.88269026411882,kg,2.9999820997061564,NEI,2020,110000481979,California,Fresno,06019,331313
13865911,Volatile Organic Compounds,air,113655.701518601,kg,2.9999995370523074,NEI,2020,110000481979,California,Fresno,06019,331313
13893911,PM2.5 Primary (Filt + Cond),air,71.5710337162744,kg,3.0,NEI,2020,110017072656,California,Kings,06031,331313
14262911,PM2.5 Primary (Filt + Cond),air,2.6937825735543797,kg,2.0,NEI,2020,110000782939,California,Santa clara,06085,331314
14623211,Carbon Monoxide,air,1226.4956247852,kg,2.0,NEI,2020,110009068374,Connecticut,New haven,09009,331315
14623211,Nitrogen Oxides,air,1320.0200211860201,kg,2.0,NEI,2020,110009068374,Connecticut,New haven,09009,331315
14623211,PM2.5 Primary (Filt + Cond),air,720.424445553451,kg,5.0,NEI,2020,110009068374,Connecticut,New haven,09009,331315
14623211,Sulfur Dioxide,air,6.00692194154052,kg,4.952202054580398,NEI,2020,110009068374,Connecticut,New haven,09009,331315
14623211,Volatile Organic Compounds,air,30001.37429253978,kg,4.0182997730922905,NEI,2020,110009068374,Connecticut,New haven,09009,331315
15040011,Carbon Dioxide,air,2251215.2196996002,kg,2.0,NEI,2020,110043419903,Wisconsin,Manitowoc,55071,331314
15040011,Carbon Monoxide,air,1575.8506537897201,kg,2.0,NEI,2020,110043419903,Wisconsin,Manitowoc,55071,331314
15040011,Nitrogen Oxides,air,24008.036330324197,kg,2.0,NEI,2020,110043419903,Wisconsin,Manitowoc,55071,331314
15040011,PM2.5 Primary (Filt + Cond),air,9556.43754681801,kg,2.0,NEI,2020,110043419903,Wisconsin,Manitowoc,55071,331314
15040011,Sulfur Dioxide,air,44.958714937290004,kg,2.0,NEI,2020,110043419903,Wisconsin,Manitowoc,55071,331314
15040011,Volatile Organic Compounds,air,11332.343973120462,kg,2.0,NEI,2020,110043419903,Wisconsin,Manitowoc,55071,331314
15066411,Carbon Monoxide,air,19306.070607362,kg,2.874476653211975,NEI,2020,110039564183,Michigan,Kalamazoo,26077,331314
15066411,Nitrogen Oxides,air,63662.14272187001,kg,2.948265420267757,NEI,2020,110039564183,Michigan,Kalamazoo,26077,331314
15066411,PM2.5 Primary (Filt + Cond),air,8732.174390851604,kg,2.0,NEI,2020,110039564183,Michigan,Kalamazoo,26077,331314
15066411,Sulfur Dioxide,air,120.2518732107,kg,2.0,NEI,2020,110039564183,Michigan,Kalamazoo,26077,331314
15066411,Volatile Organic Compounds,air,10186.1106646761,kg,2.115200344844016,NEI,2020,110039564183,Michigan,Kalamazoo,26077,331314
15067911,Carbon Monoxide,air,2.8032008466,kg,2.0,NEI,2020,110037578387,Michigan,Muskegon,26121,331314
15067911,Nitrogen Oxides,air,1044.441791162,kg,2.0,NEI,2020,110037578387,Michigan,Muskegon,26121,331314
15067911,PM2.5 Primary (Filt + Cond),air,3.5008259116600002,kg,2.0,NEI,2020,110037578387,Michigan,Muskegon,26121,331314
15067911,Sulfur Dioxide,air,6.3366854089,kg,2.0,NEI,2020,110037578387,Michigan,Muskegon,26121,331314
15067911,Volatile Organic Compounds,air,20.704223328037223,kg,1.9854310439259504,NEI,2020,110037578387,Michigan,Muskegon,26121,331314
15482211,Volatile Organic Compounds,air,14351.662586800001,kg,5.0,NEI,2020,110041996579,Ohio,Trumbull,39155,331318
15548311,Carbon Dioxide,air,36421406.24723563,kg,5.0,NEI,2020,110000358693,Georgia,Greene,13133,331314
15548311,Carbon Monoxide,air,35114.490449654004,kg,1.0796158844243047,NEI,2020,110000358693,Georgia,Greene,13133,331314
15548311,Nitrogen Oxides,air,85869.299409278,kg,1.0004500568909942,NEI,2020,110000358693,Georgia,Greene,13133,331314
15548311,PM2.5 Primary (Filt + Cond),air,21376.95768561007,kg,2.0004710881291277,NEI,2020,110000358693,Georgia,Greene,13133,331314
15548311,Sulfur Dioxide,air,181.14664888320002,kg,2.0,NEI,2020,110000358693,Georgia,Greene,13133,331314
15548311,Volatile Organic Compounds,air,4675.448713012,kg,1.0013582211183982,NEI,2020,110000358693,Georgia,Greene,13133,331314
15648211,Carbon Dioxide,air,34354705.89274179,kg,5.0,NEI,2020,110000427716,South dakota,Yankton,46135,331318
15648211,Carbon Monoxide,air,17635.671345600003,kg,2.0,NEI,2020,110000427716,South dakota,Yankton,46135,331318
15648211,Nitrogen Oxides,air,21001.326731,kg,2.0,NEI,2020,110000427716,South dakota,Yankton,46135,331318
15648211,PM2.5 Primary (Filt + Cond),air,7829.0043062,kg,2.0,NEI,2020,110000427716,South dakota,Yankton,46135,331318
15648211,Sulfur Dioxide,air,81.6466266,kg,2.0,NEI,2020,110000427716,South dakota,Yankton,46135,331318
15648211,Volatile Organic Compounds,air,24741.822232712973,kg,2.0,NEI,2020,110000427716,South dakota,Yankton,46135,331318
15783711,PM2.5 Primary (Filt + Cond),air,0.00118931919414,kg,2.0,NEI,2020,110000783304,California,Santa clara,06085,331314
1667311,Carbon Monoxide,air,100.11373275981,kg,2.0,NEI,2020,110001181845,California,San mateo,06081,331318
1667311,Nitrogen Oxides,air,401.115633685382,kg,2.0,NEI,2020,110001181845,California,San mateo,06081,331318
1667311,PM2.5 Primary (Filt + Cond),air,65.5701109874195,kg,2.0,NEI,2020,110001181845,California,San mateo,06081,331318
1667311,Sulfur Dioxide,air,1.6254110633206602,kg,2.0,NEI,2020,110001181845,California,San mateo,06081,331318
1667311,Volatile Organic Compounds,air,6476.3956354655365,kg,2.0,NEI,2020,110001181845,California,San mateo,06081,331318
16725911,Carbon Dioxide,air,954630.501902,kg,2.0,NEI,2020,110007754554,Pennsylvania,Berks,42011,331314
16725911,Carbon Monoxide,air,208.65249020000002,kg,2.0,NEI,2020,110007754554,Pennsylvania,Berks,42011,331314
16725911,Nitrogen Oxides,air,843.6818082000001,kg,2.0,NEI,2020,110007754554,Pennsylvania,Berks,42011,331314
16725911,PM2.5 Primary (Filt + Cond),air,4695.284398070575,kg,2.0,NEI,2020,110007754554,Pennsylvania,Berks,42011,331314
16725911,Sulfur Dioxide,air,1805.2976326,kg,2.0,NEI,2020,110007754554,Pennsylvania,Berks,42011,331314
16725911,Volatile Organic Compounds,air,18.143694800000002,kg,1.5,NEI,2020,110007754554,Pennsylvania,Berks,42011,331314
16961111,Carbon Dioxide,air,22097877.213627603,kg,5.0,NEI,2020,110020903398,Tennessee,Madison,47113,331314
16961111,Carbon Monoxide,air,17048.632100346,kg,2.0,NEI,2020,110020903398,Tennessee,Madison,47113,331314
16961111,Nitrogen Oxides,air,20380.646127236396,kg,2.0,NEI,2020,110020903398,Tennessee,Madison,47113,331314
16961111,PM2.5 Primary (Filt + Cond),air,8075.674420827492,kg,4.270112325168611,NEI,2020,110020903398,Tennessee,Madison,47113,331314
16961111,Sulfur Dioxide,air,291.08700674669,kg,2.0,NEI,2020,110020903398,Tennessee,Madison,47113,331314
16961111,Volatile Organic Compounds,air,8024.756802034456,kg,1.5020397328124833,NEI,2020,110020903398,Tennessee,Madison,47113,331314
1784711,Carbon Dioxide,air,2545110.41680896,kg,2.0,NEI,2020,110000845747,Illinois,Kane,17089,331318
1784711,Carbon Monoxide,air,1788.8231577216002,kg,2.0,NEI,2020,110000845747,Illinois,Kane,17089,331318
1784711,Nitrogen Oxides,air,2128.4731243776,kg,2.0,NEI,2020,110000845747,Illinois,Kane,17089,331318
1784711,PM2.5 Primary (Filt + Cond),air,158.5033177728,kg,2.0,NEI,2020,110000845747,Illinois,Kane,17089,331318
1784711,Sulfur Dioxide,air,12.679721110980001,kg,2.0,NEI,2020,110000845747,Illinois,Kane,17089,331318
1784711,Volatile Organic Compounds,air,6706.95467490048,kg,3.967845659163987,NEI,2020,110000845747,Illinois,Kane,17089,331318
17856811,Carbon Dioxide,air,31053405.326481324,kg,5.0,NEI,2020,110069467552,Ohio,Trumbull,39155,331314
17856811,Carbon Monoxide,air,44628.04609956001,kg,2.0,NEI,2020,110069467552,Ohio,Trumbull,39155,331314
17856811,Nitrogen Oxides,air,53133.810221800006,kg,2.0,NEI,2020,110069467552,Ohio,Trumbull,39155,331314
17856811,PM2.5 Primary (Filt + Cond),air,4038.0970020776003,kg,2.0,NEI,2020,110069467552,Ohio,Trumbull,39155,331314
17856811,Sulfur Dioxide,air,318.78471763600004,kg,2.0,NEI,2020,110069467552,Ohio,Trumbull,39155,331314
17856811,Volatile Organic Compounds,air,1901.2868635380992,kg,2.0,NEI,2020,110069467552,Ohio,Trumbull,39155,331314
17890211,Carbon Dioxide,air,245053404.8983636,kg,3.7627848781494384,NEI,2020,110070049979,New york,St. lawrence,36089,33131
17890211,Carbon Monoxide,air,12008653.067797469,kg,1.0014220152464803,NEI,2020,110070049979,New york,St. lawrence,36089,33131
17890211,Nitrogen Oxides,air,104427.53409059049,kg,1.2379572486719241,NEI,2020,110070049979,New york,St. lawrence,36089,33131
17890211,PM2.5 Primary (Filt + Cond),air,19125.49442615773,kg,2.0,NEI,2020,110070049979,New york,St. lawrence,36089,33131
17890211,Sulfur Dioxide,air,2217899.6769867125,kg,3.8939139749420257,NEI,2020,110070049979,New york,St. lawrence,36089,33131
17890211,Volatile Organic Compounds,air,0.0,kg,1.1542791021848509,NEI,2020,110070049979,New york,St. lawrence,36089,33131
17894011,Carbon Dioxide,air,592845.22759,kg,2.0,NEI,2020,110070208801,Minnesota,Blue earth,27013,331314
17894011,Carbon Monoxide,air,405.420860306,kg,2.0,NEI,2020,110070208801,Minnesota,Blue earth,27013,331314
17894011,Nitrogen Oxides,air,482.62228168000007,kg,2.0,NEI,2020,110070208801,Minnesota,Blue earth,27013,331314
17894011,PM2.5 Primary (Filt + Cond),air,1548.552739215328,kg,2.0,NEI,2020,110070208801,Minnesota,Blue earth,27013,331314
17894011,Sulfur Dioxide,air,2.89573369008,kg,2.0,NEI,2020,110070208801,Minnesota,Blue earth,27013,331314
17894011,Volatile Organic Compounds,air,35.60883877448706,kg,3.2180267965895246,NEI,2020,110070208801,Minnesota,Blue earth,27013,331314
18041311,Carbon Dioxide,air,1871431.400146,kg,3.0,NEI,2020,110004880246,Pennsylvania,Schuylkill,42107,331314
18041311,Carbon Monoxide,air,362.87389600000006,kg,3.0,NEI,2020,110004880246,Pennsylvania,Schuylkill,42107,331314
18041311,Nitrogen Oxides,air,1905.087954,kg,2.9999999999999996,NEI,2020,110004880246,Pennsylvania,Schuylkill,42107,331314
18041311,PM2.5 Primary (Filt + Cond),air,1818.7148949046002,kg,2.0,NEI,2020,110004880246,Pennsylvania,Schuylkill,42107,331314
18041311,Sulfur Dioxide,air,11702.683146000001,kg,3.0,NEI,2020,110004880246,Pennsylvania,Schuylkill,42107,331314
18041311,Volatile Organic Compounds,air,10160.469088000002,kg,2.9999999999999996,NEI,2020,110004880246,Pennsylvania,Schuylkill,42107,331314
19228511,Carbon Monoxide,air,1197.6952308444202,kg,5.0,NEI,2020,110009531453,California,Los angeles,06037,331314
19228511,Nitrogen Oxides,air,1488.56859558484,kg,4.999999999999999,NEI,2020,110009531453,California,Los angeles,06037,331314
19228511,PM2.5 Primary (Filt + Cond),air,151.78448442091397,kg,5.000000000000001,NEI,2020,110009531453,California,Los angeles,06037,331314
19228511,Sulfur Dioxide,air,12.080071997840001,kg,4.999999999999999,NEI,2020,110009531453,California,Los angeles,06037,331314
19228511,Volatile Organic Compounds,air,1091.0430145921782,kg,5.0,NEI,2020,110009531453,California,Los angeles,06037,331314
20194611,Carbon Monoxide,air,6.7222389234,kg,3.0,NEI,2020,110071198691,Rhode island,Kent,44003,331315
20194611,Nitrogen Oxides,air,31.2343705982,kg,3.0,NEI,2020,110071198691,Rhode island,Kent,44003,331315
20194611,PM2.5 Primary (Filt + Cond),air,2.1999229945,kg,3.0,NEI,2020,110071198691,Rhode island,Kent,44003,331315
20194611,Sulfur Dioxide,air,2.0547734361,kg,3.0,NEI,2020,110071198691,Rhode island,Kent,44003,331315
20194611,Volatile Organic Compounds,air,787.2372179574729,kg,3.0,NEI,2020,110071198691,Rhode island,Kent,44003,331315
20224811,Carbon Dioxide,air,589166.0164998054,kg,3.0,NEI,2020,110070796890,Kentucky,Todd,21219,331315
20224811,Carbon Monoxide,air,726.5643580563215,kg,3.0,NEI,2020,110070796890,Kentucky,Todd,21219,331315
20224811,Nitrogen Oxides,air,615.1080672767492,kg,3.0,NEI,2020,110070796890,Kentucky,Todd,21219,331315
20224811,PM2.5 Primary (Filt + Cond),air,91.80577119827961,kg,2.0,NEI,2020,110070796890,Kentucky,Todd,21219,331315
20224811,Sulfur Dioxide,air,7.051066176107801,kg,2.9999999999999996,NEI,2020,110070796890,Kentucky,Todd,21219,331315
20224811,Volatile Organic Compounds,air,90.54868398733738,kg,3.0,NEI,2020,110070796890,Kentucky,Todd,21219,331315
20237511,Carbon Dioxide,air,3455774.718310314,kg,2.9999999999999996,NEI,2020,110070207829,Kentucky,Warren,21227,331318
20237511,Carbon Monoxide,air,2419.0422828591554,kg,3.0000000000000004,NEI,2020,110070207829,Kentucky,Warren,21227,331318
20237511,Nitrogen Oxides,air,2879.812960766896,kg,3.0,NEI,2020,110070207829,Kentucky,Warren,21227,331318
20237511,PM2.5 Primary (Filt + Cond),air,1185.9802734888879,kg,2.0,NEI,2020,110070207829,Kentucky,Warren,21227,331318
20237511,Sulfur Dioxide,air,17.278875587358,kg,3.0,NEI,2020,110070207829,Kentucky,Warren,21227,331318
20237511,Volatile Organic Compounds,air,201.051416059725,kg,3.0000000000000004,NEI,2020,110070207829,Kentucky,Warren,21227,331318
2355311,Carbon Monoxide,air,4328.36346022696,kg,5.0,NEI,2020,110000479633,California,Riverside,06065,331318
2355311,Nitrogen Oxides,air,6187.363707880741,kg,5.0,NEI,2020,110000479633,California,Riverside,06065,331318
2355311,PM2.5 Primary (Filt + Cond),air,1375.6592408077147,kg,4.999999999999999,NEI,2020,110000479633,California,Riverside,06065,331318
2355311,Sulfur Dioxide,air,66.175815558699,kg,5.0,NEI,2020,110000479633,California,Riverside,06065,331318
2355311,Volatile Organic Compounds,air,811.2091566175876,kg,5.0,NEI,2020,110000479633,California,Riverside,06065,331318
2572411,Carbon Dioxide,air,6754168.197509041,kg,2.0,NEI,2020,110018100222,Illinois,Jackson,17077,331318
2572411,Carbon Monoxide,air,4730.0612343600005,kg,2.0,NEI,2020,110018100222,Illinois,Jackson,17077,331318
2572411,Nitrogen Oxides,air,5628.17412696,kg,2.0,NEI,2020,110018100222,Illinois,Jackson,17077,331318
2572411,PM2.5 Primary (Filt + Cond),air,449.0564463,kg,2.0,NEI,2020,110018100222,Illinois,Jackson,17077,331318
2572411,Sulfur Dioxide,air,29.937096420000003,kg,2.0,NEI,2020,110018100222,Illinois,Jackson,17077,331318
2572411,Volatile Organic Compounds,air,329.30806062000005,kg,2.0,NEI,2020,110018100222,Illinois,Jackson,17077,331318
2614811,Carbon Monoxide,air,5452.242883147061,kg,2.885015962379134,NEI,2020,110002084360,Georgia,Laurens,13175,331313
2614811,Nitrogen Oxides,air,4973.4815797205,kg,4.601982370618305,NEI,2020,110002084360,Georgia,Laurens,13175,331313
2614811,PM2.5 Primary (Filt + Cond),air,1894.0375366820601,kg,1.8256707118768436,NEI,2020,110002084360,Georgia,Laurens,13175,331313
2614811,Sulfur Dioxide,air,38.94816244242,kg,3.0,NEI,2020,110002084360,Georgia,Laurens,13175,331313
2614811,Volatile Organic Compounds,air,63198.853677445935,kg,3.896534066392976,NEI,2020,110002084360,Georgia,Laurens,13175,331313
2745511,Carbon Monoxide,air,789.5074570814201,kg,2.0,NEI,2020,110000365756,Florida,Pinellas,12103,331318
2745511,Nitrogen Oxides,air,5592.34577283844,kg,2.0,NEI,2020,110000365756,Florida,Pinellas,12103,331318
2745511,PM2.5 Primary (Filt + Cond),air,7872.804092631939,kg,2.0,NEI,2020,110000365756,Florida,Pinellas,12103,331318
2745511,Sulfur Dioxide,air,19.73761838818,kg,2.0,NEI,2020,110000365756,Florida,Pinellas,12103,331318
2745511,Volatile Organic Compounds,air,180.9289245456,kg,2.0,NEI,2020,110000365756,Florida,Pinellas,12103,331318
2844411,Carbon Monoxide,air,1580.225098606,kg,5.0,NEI,2020,110000374381,Tennessee,Shelby,47157,331318
2844411,Nitrogen Oxides,air,1881.2289953380002,kg,5.0,NEI,2020,110000374381,Tennessee,Shelby,47157,331318
2844411,PM2.5 Primary (Filt + Cond),air,80.784438223104,kg,2.0,NEI,2020,110000374381,Tennessee,Shelby,47157,331318
2844411,Sulfur Dioxide,air,11.249090776,kg,5.0,NEI,2020,110000374381,Tennessee,Shelby,47157,331318
2844411,Volatile Organic Compounds,air,8118.754576232301,kg,5.0,NEI,2020,110000374381,Tennessee,Shelby,47157,331318
2994211,Carbon Monoxide,air,5642.80520244672,kg,2.0,NEI,2020,110000416014,Iowa,Scott,19163,331315
2994211,Nitrogen Oxides,air,6706.75690862716,kg,2.0,NEI,2020,110000416014,Iowa,Scott,19163,331315
2994211,PM2.5 Primary (Filt + Cond),air,910.5600115436441,kg,2.409518346041717,NEI,2020,110000416014,Iowa,Scott,19163,331315
2994211,Sulfur Dioxide,air,40.180482193235996,kg,2.0,NEI,2020,110000416014,Iowa,Scott,19163,331315
2994211,Volatile Organic Compounds,air,9426.769150165037,kg,4.151070667207703,NEI,2020,110000416014,Iowa,Scott,19163,331315
2994611,Carbon Dioxide,air,48816208.37327242,kg,5.0,NEI,2020,110000742563,Iowa,Scott,19163,331315
2994611,Carbon Monoxide,air,32855.176791780425,kg,2.0,NEI,2020,110000742563,Iowa,Scott,19163,331315
2994611,Nitrogen Oxides,air,35555.545798702624,kg,2.0,NEI,2020,110000742563,Iowa,Scott,19163,331315
2994611,PM2.5 Primary (Filt + Cond),air,37245.62189520727,kg,3.902098140774255,NEI,2020,110000742563,Iowa,Scott,19163,331315
2994611,Sulfur Dioxide,air,362.91959996720124,kg,1.672158791600198,NEI,2020,110000742563,Iowa,Scott,19163,331315
2994611,Volatile Organic Compounds,air,20171.45385136196,kg,1.340669164015321,NEI,2020,110000742563,Iowa,Scott,19163,331315
3059911,Carbon Dioxide,air,781555.801398372,kg,5.0,NEI,2020,110000492271,Pennsylvania,Lancaster,42071,331314
3059911,Carbon Monoxide,air,1768.193776734,kg,2.0,NEI,2020,110000492271,Pennsylvania,Lancaster,42071,331314
3059911,Nitrogen Oxides,air,917.073053666,kg,3.0,NEI,2020,110000492271,Pennsylvania,Lancaster,42071,331314
3059911,PM2.5 Primary (Filt + Cond),air,3947.9385332176016,kg,2.0,NEI,2020,110000492271,Pennsylvania,Lancaster,42071,331314
3059911,Sulfur Dioxide,air,3.9916128559999997,kg,2.0,NEI,2020,110000492271,Pennsylvania,Lancaster,42071,331314
3059911,Volatile Organic Compounds,air,2967.129129118,kg,3.0000000000000004,NEI,2020,110000492271,Pennsylvania,Lancaster,42071,331314
3198511,Volatile Organic Compounds,air,92039.33498144,kg,4.0,NEI,2020,110000364917,Florida,Polk,12105,331318
3293311,Carbon Monoxide,air,6447.2077257742,kg,5.0,NEI,2020,110000479296,California,San bernardino,06071,331313
3293311,Nitrogen Oxides,air,13399.1186098,kg,5.0,NEI,2020,110000479296,California,San bernardino,06071,331313
3293311,PM2.5 Primary (Filt + Cond),air,1079.4238952353612,kg,5.0,NEI,2020,110000479296,California,San bernardino,06071,331313
3293311,Sulfur Dioxide,air,71.33837711785401,kg,5.0,NEI,2020,110000479296,California,San bernardino,06071,331313
3293311,Volatile Organic Compounds,air,3030.622939175439,kg,5.000000000000001,NEI,2020,110000479296,California,San bernardino,06071,331313
3309911,Carbon Monoxide,air,173.17041756554542,kg,2.0,NEI,2020,110002648582,California,San mateo,06081,331318
3309911,Nitrogen Oxides,air,657.1773879309224,kg,2.0,NEI,2020,110002648582,California,San mateo,06081,331318
3309911,PM2.5 Primary (Filt + Cond),air,14.5289990597752,kg,2.0,NEI,2020,110002648582,California,San mateo,06081,331318
3309911,Sulfur Dioxide,air,2.65173909677908,kg,2.0,NEI,2020,110002648582,California,San mateo,06081,331318
3309911,Volatile Organic Compounds,air,351.64502396510625,kg,2.0,NEI,2020,110002648582,California,San mateo,06081,331318
3676011,Carbon Dioxide,air,2463959.1130770002,kg,2.0,NEI,2020,110005981937,Pennsylvania,Carbon,42025,331314
3676011,Carbon Monoxide,air,1714.5791586,kg,2.0,NEI,2020,110005981937,Pennsylvania,Carbon,42025,331314
3676011,Nitrogen Oxides,air,2041.165665,kg,2.0,NEI,2020,110005981937,Pennsylvania,Carbon,42025,331314
3676011,PM2.5 Primary (Filt + Cond),air,272.155422,kg,2.0,NEI,2020,110005981937,Pennsylvania,Carbon,42025,331314
3676011,Sulfur Dioxide,air,9.071847400000001,kg,2.0,NEI,2020,110005981937,Pennsylvania,Carbon,42025,331314
3676011,Volatile Organic Compounds,air,108.8621688,kg,2.0,NEI,2020,110005981937,Pennsylvania,Carbon,42025,331314
3703211,Carbon Monoxide,air,11197.370359603121,kg,2.0,NEI,2020,110000357300,Georgia,Coweta,13077,331318
3703211,Nitrogen Oxides,air,15629.66543956818,kg,1.6715607515968796,NEI,2020,110000357300,Georgia,Coweta,13077,331318
3703211,PM2.5 Primary (Filt + Cond),air,5055.418505437301,kg,1.7011939572680477,NEI,2020,110000357300,Georgia,Coweta,13077,331318
3703211,Sulfur Dioxide,air,82.13469199012,kg,2.0,NEI,2020,110000357300,Georgia,Coweta,13077,331318
3703211,Volatile Organic Compounds,air,30405.190373910173,kg,3.9516091635137434,NEI,2020,110000357300,Georgia,Coweta,13077,331318
3777011,Carbon Dioxide,air,49724068.923901066,kg,1.0331201808522925,NEI,2020,110038769419,Pennsylvania,Lawrence,42073,331314
3777011,Carbon Monoxide,air,352003.010542106,kg,1.0002497313905658,NEI,2020,110038769419,Pennsylvania,Lawrence,42073,331314
3777011,Nitrogen Oxides,air,55777.618709582006,kg,1.0411910032317193,NEI,2020,110038769419,Pennsylvania,Lawrence,42073,331314
3777011,PM2.5 Primary (Filt + Cond),air,13061.502460612606,kg,2.0,NEI,2020,110038769419,Pennsylvania,Lawrence,42073,331314
3777011,Sulfur Dioxide,air,42488.08801637401,kg,1.0003266780683717,NEI,2020,110038769419,Pennsylvania,Lawrence,42073,331314
3777011,Volatile Organic Compounds,air,20366.727850967294,kg,1.0029620721142067,NEI,2020,110038769419,Pennsylvania,Lawrence,42073,331314
3857211,Carbon Dioxide,air,21766791.0709172,kg,2.0061024148758553,NEI,2020,110011575456,Pennsylvania,Berks,42011,331314
3857211,Carbon Monoxide,air,14832.742654421998,kg,1.9817067576741711,NEI,2020,110011575456,Pennsylvania,Berks,42011,331314
3857211,Nitrogen Oxides,air,19642.999019798,kg,1.8733552859458633,NEI,2020,110011575456,Pennsylvania,Berks,42011,331314
3857211,PM2.5 Primary (Filt + Cond),air,11635.01124672733,kg,2.0,NEI,2020,110011575456,Pennsylvania,Berks,42011,331314
3857211,Sulfur Dioxide,air,115.93820977200002,kg,2.0907668231611893,NEI,2020,110011575456,Pennsylvania,Berks,42011,331314
3857211,Volatile Organic Compounds,air,24831.642140228003,kg,3.717359218477141,NEI,2020,110011575456,Pennsylvania,Berks,42011,331314
3865011,Volatile Organic Compounds,air,17236.51006,kg,4.0,NEI,2020,110000333951,Pennsylvania,Lancaster,42071,331318
3984811,Carbon Monoxide,air,19093.1724925788,kg,2.0,NEI,2020,110000397936,Indiana,Lake,18089,331315
3984811,Nitrogen Oxides,air,22729.96725307,kg,2.0,NEI,2020,110000397936,Indiana,Lake,18089,331315
3984811,PM2.5 Primary (Filt + Cond),air,20730.313363869187,kg,2.0,NEI,2020,110000397936,Indiana,Lake,18089,331315
3984811,Sulfur Dioxide,air,136.37980351842,kg,2.0,NEI,2020,110000397936,Indiana,Lake,18089,331315
3984811,Volatile Organic Compounds,air,68479.82076560394,kg,1.084987493537348,NEI,2020,110000397936,Indiana,Lake,18089,331315
4120511,Carbon Dioxide,air,47135407.65215282,kg,2.0,NEI,2020,110017416090,South carolina,Berkeley,45015,331315
4120511,Carbon Monoxide,air,32998.37817095127,kg,2.0,NEI,2020,110017416090,South carolina,Berkeley,45015,331315
4120511,Nitrogen Oxides,air,34234.04724782735,kg,2.0,NEI,2020,110017416090,South carolina,Berkeley,45015,331315
4120511,PM2.5 Primary (Filt + Cond),air,9299.871341611575,kg,2.0,NEI,2020,110017416090,South carolina,Berkeley,45015,331315
4120511,Sulfur Dioxide,air,236.9230791807726,kg,2.0,NEI,2020,110017416090,South carolina,Berkeley,45015,331315
4120511,Volatile Organic Compounds,air,84974.88849549124,kg,3.1534086759811166,NEI,2020,110017416090,South carolina,Berkeley,45015,331315
4143011,Carbon Dioxide,air,32861105.6365498,kg,5.0,NEI,2020,110056961328,Tennessee,Smith,47159,331318
4143011,Carbon Monoxide,air,21587.374407003856,kg,5.0,NEI,2020,110056961328,Tennessee,Smith,47159,331318
4143011,Nitrogen Oxides,air,45045.63362264728,kg,5.0,NEI,2020,110056961328,Tennessee,Smith,47159,331318
4143011,PM2.5 Primary (Filt + Cond),air,8980.992996885861,kg,2.616869336298712,NEI,2020,110056961328,Tennessee,Smith,47159,331318
4143011,Sulfur Dioxide,air,1834.9316642716942,kg,5.0,NEI,2020,110056961328,Tennessee,Smith,47159,331318
4143011,Volatile Organic Compounds,air,7307.454611602556,kg,4.195465759030713,NEI,2020,110056961328,Tennessee,Smith,47159,331318
4143611,Carbon Dioxide,air,158096827.11779234,kg,5.0,NEI,2020,110070828214,Tennessee,Blount,47009,331314
4143611,Carbon Monoxide,air,63656.85442450589,kg,5.0,NEI,2020,110070828214,Tennessee,Blount,47009,331314
4143611,Nitrogen Oxides,air,90993.44920164773,kg,5.0,NEI,2020,110070828214,Tennessee,Blount,47009,331314
4143611,PM2.5 Primary (Filt + Cond),air,42732.713928607336,kg,4.911223705616001,NEI,2020,110070828214,Tennessee,Blount,47009,331314
4143611,Sulfur Dioxide,air,751.5289734306507,kg,5.0,NEI,2020,110070828214,Tennessee,Blount,47009,331314
4143611,Volatile Organic Compounds,air,91746.30368291936,kg,4.999999999999999,NEI,2020,110070828214,Tennessee,Blount,47009,331314
4146711,Carbon Monoxide,air,9104.687487588,kg,2.0,NEI,2020,110001866856,Texas,Dallas,48113,331318
4146711,Nitrogen Oxides,air,10838.771118098002,kg,2.0,NEI,2020,110001866856,Texas,Dallas,48113,331318
4146711,PM2.5 Primary (Filt + Cond),air,911.176352856,kg,2.0069693349263242,NEI,2020,110001866856,Texas,Dallas,48113,331318
4146711,Sulfur Dioxide,air,63.140057904,kg,2.0,NEI,2020,110001866856,Texas,Dallas,48113,331318
4146711,Volatile Organic Compounds,air,4456.635753724002,kg,3.8658091165524264,NEI,2020,110001866856,Texas,Dallas,48113,331318
4181111,Carbon Monoxide,air,1638.41374219908,kg,2.0,NEI,2020,110000341924,Virginia,Chesterfield,51041,331318
4181111,Nitrogen Oxides,air,1950.492550237,kg,2.0,NEI,2020,110000341924,Virginia,Chesterfield,51041,331318
4181111,PM2.5 Primary (Filt + Cond),air,304.63608299401204,kg,3.540185072354749,NEI,2020,110000341924,Virginia,Chesterfield,51041,331318
4181111,Sulfur Dioxide,air,11.702955301422,kg,2.0,NEI,2020,110000341924,Virginia,Chesterfield,51041,331318
4181111,Volatile Organic Compounds,air,100855.98627055541,kg,2.0019968113486235,NEI,2020,110000341924,Virginia,Chesterfield,51041,331318
4518411,Carbon Dioxide,air,33834805.80356516,kg,5.0,NEI,2020,110000493788,Indiana,Allen,18003,331314
4759111,Carbon Monoxide,air,48539.690620729,kg,5.000000000000001,NEI,2020,110017420067,Tennessee,Carroll,47017,331315
4759111,Nitrogen Oxides,air,58379.3882565124,kg,5.000000000000001,NEI,2020,110017420067,Tennessee,Carroll,47017,331315
4759111,PM2.5 Primary (Filt + Cond),air,14566.973450117704,kg,2.0,NEI,2020,110017420067,Tennessee,Carroll,47017,331315
4759111,Sulfur Dioxide,air,370.80450499708,kg,5.0,NEI,2020,110017420067,Tennessee,Carroll,47017,331315
4759111,Volatile Organic Compounds,air,838964.6383894049,kg,5.000000000000001,NEI,2020,110017420067,Tennessee,Carroll,47017,331315
4788511,Carbon Dioxide,air,2086887.7758960002,kg,2.0,NEI,2020,110000416880,Wisconsin,Sheboygan,55117,331314
4788511,Carbon Monoxide,air,7302.837157,kg,2.0,NEI,2020,110000416880,Wisconsin,Sheboygan,55117,331314
4788511,Nitrogen Oxides,air,8697.18010238,kg,2.0,NEI,2020,110000416880,Wisconsin,Sheboygan,55117,331314
4788511,PM2.5 Primary (Filt + Cond),air,10670.795703017913,kg,2.0,NEI,2020,110000416880,Wisconsin,Sheboygan,55117,331314
4788511,Sulfur Dioxide,air,50.80234544,kg,1.9464285714285714,NEI,2020,110000416880,Wisconsin,Sheboygan,55117,331314
4788511,Volatile Organic Compounds,air,5723.59081538407,kg,2.0,NEI,2020,110000416880,Wisconsin,Sheboygan,55117,331314
4791011,Carbon Dioxide,air,6237036.60831944,kg,2.0,NEI,2020,110001801364,Illinois,Lake,17097,331315
4791011,Carbon Monoxide,air,4364.58916126464,kg,2.0,NEI,2020,110001801364,Illinois,Lake,17097,331315
4791011,Nitrogen Oxides,air,5196.12195142656,kg,2.0,NEI,2020,110001801364,Illinois,Lake,17097,331315
4791011,PM2.5 Primary (Filt + Cond),air,5512.7094676222805,kg,2.9284035043893732,NEI,2020,110001801364,Illinois,Lake,17097,331315
4791011,Sulfur Dioxide,air,30.655586734080003,kg,2.0,NEI,2020,110001801364,Illinois,Lake,17097,331315
4791011,Volatile Organic Compounds,air,14219.780605222499,kg,3.375259376221122,NEI,2020,110001801364,Illinois,Lake,17097,331315
4834911,Carbon Dioxide,air,204039834.99823478,kg,5.0,NEI,2020,110056954470,South carolina,Berkeley,45015,331313
4834911,Carbon Monoxide,air,22330843.125902098,kg,4.996213360468866,NEI,2020,110056954470,South carolina,Berkeley,45015,331313
4834911,Nitrogen Oxides,air,366921.8203529291,kg,4.72491112051681,NEI,2020,110056954470,South carolina,Berkeley,45015,331313
4834911,PM2.5 Primary (Filt + Cond),air,54362.169785546575,kg,2.0,NEI,2020,110056954470,South carolina,Berkeley,45015,331313
4834911,Sulfur Dioxide,air,1572655.7684034433,kg,3.9997358035509993,NEI,2020,110056954470,South carolina,Berkeley,45015,331313
4834911,Volatile Organic Compounds,air,0.0,kg,4.324610880005268,NEI,2020,110056954470,South carolina,Berkeley,45015,331313
4881611,Carbon Monoxide,air,321.32483490799996,kg,2.0,NEI,2020,110000464499,Texas,Bexar,48029,331315
4881611,Nitrogen Oxides,air,451.68728204600006,kg,2.0,NEI,2020,110000464499,Texas,Bexar,48029,331315
4881611,PM2.5 Primary (Filt + Cond),air,33.928709276,kg,2.0,NEI,2020,110000464499,Texas,Bexar,48029,331315
4881611,Sulfur Dioxide,air,8.346099608,kg,2.0,NEI,2020,110000464499,Texas,Bexar,48029,331315
4881611,Volatile Organic Compounds,air,35.48492427896632,kg,2.7040816326530606,NEI,2020,110000464499,Texas,Bexar,48029,331315
4922011,Carbon Dioxide,air,21943503.763891973,kg,5.0,NEI,2020,110000479312,California,San bernardino,06071,331318
4922011,Carbon Monoxide,air,9662.279516181601,kg,5.0,NEI,2020,110000479312,California,San bernardino,06071,331318
4922011,Nitrogen Oxides,air,11596.6513935888,kg,5.000000000000001,NEI,2020,110000479312,California,San bernardino,06071,331318
4922011,PM2.5 Primary (Filt + Cond),air,2415.9882681115646,kg,4.999999999999999,NEI,2020,110000479312,California,San bernardino,06071,331318
4922011,Sulfur Dioxide,air,98.44351493499602,kg,4.999999999999999,NEI,2020,110000479312,California,San bernardino,06071,331318
4922011,Volatile Organic Compounds,air,3276.603698478924,kg,4.999999999999999,NEI,2020,110000479312,California,San bernardino,06071,331318
4937811,Carbon Dioxide,air,166632628.58190835,kg,5.0,NEI,2020,110040947820,Washington,Whatcom,53073,331313
4937811,Carbon Monoxide,air,11914256.7710628,kg,3.92895192496585,NEI,2020,110040947820,Washington,Whatcom,53073,331313
4937811,Nitrogen Oxides,air,87978.77608519999,kg,1.5711486904516399,NEI,2020,110040947820,Washington,Whatcom,53073,331313
4937811,PM2.5 Primary (Filt + Cond),air,459189.6998458,kg,2.018610348301954,NEI,2020,110040947820,Washington,Whatcom,53073,331313
4937811,Sulfur Dioxide,air,1463670.0032108,kg,4.020131149979547,NEI,2020,110040947820,Washington,Whatcom,53073,331313
4937811,Volatile Organic Compounds,air,0.0,kg,1.239085491912927,NEI,2020,110040947820,Washington,Whatcom,53073,331313
4951711,Carbon Dioxide,air,67550211.58665006,kg,5.0,NEI,2020,110011900149,Pennsylvania,Schuylkill,42107,331318
4951711,Carbon Monoxide,air,44660.704750200006,kg,2.0,NEI,2020,110011900149,Pennsylvania,Schuylkill,42107,331318
4951711,Nitrogen Oxides,air,60069.2375591,kg,1.5100052858113722,NEI,2020,110011900149,Pennsylvania,Schuylkill,42107,331318
4951711,PM2.5 Primary (Filt + Cond),air,24229.73322990066,kg,2.0,NEI,2020,110011900149,Pennsylvania,Schuylkill,42107,331318
4951711,Sulfur Dioxide,air,319.964057798,kg,2.0,NEI,2020,110011900149,Pennsylvania,Schuylkill,42107,331318
4951711,Volatile Organic Compounds,air,2734.982224061382,kg,2.41677099442767,NEI,2020,110011900149,Pennsylvania,Schuylkill,42107,331318
5344011,Carbon Dioxide,air,43383607.4414375,kg,5.0,NEI,2020,110000918348,Kentucky,Hancock,21091,331318
5344011,Carbon Monoxide,air,30847.288822143302,kg,3.0000000000000004,NEI,2020,110000918348,Kentucky,Hancock,21091,331318
5344011,Nitrogen Oxides,air,31879.10969590917,kg,3.0,NEI,2020,110000918348,Kentucky,Hancock,21091,331318
5344011,PM2.5 Primary (Filt + Cond),air,63041.7463121602,kg,2.0,NEI,2020,110000918348,Kentucky,Hancock,21091,331318
5344011,Sulfur Dioxide,air,249.9930167358162,kg,3.0,NEI,2020,110000918348,Kentucky,Hancock,21091,331318
5344011,Volatile Organic Compounds,air,3313.2915962129273,kg,3.0,NEI,2020,110000918348,Kentucky,Hancock,21091,331318
5344111,Carbon Dioxide,air,156355126.81904462,kg,5.0,NEI,2020,110058164187,Kentucky,Hancock,21091,331318
5344111,Carbon Monoxide,air,150006.2790441078,kg,3.0,NEI,2020,110058164187,Kentucky,Hancock,21091,331318
5344111,Nitrogen Oxides,air,133507.09082045767,kg,3.0,NEI,2020,110058164187,Kentucky,Hancock,21091,331318
5344111,PM2.5 Primary (Filt + Cond),air,122898.56101192872,kg,2.0,NEI,2020,110058164187,Kentucky,Hancock,21091,331318
5344111,Sulfur Dioxide,air,2287.8757162394672,kg,3.0,NEI,2020,110058164187,Kentucky,Hancock,21091,331318
5344111,Volatile Organic Compounds,air,196065.9392412743,kg,3.0,NEI,2020,110058164187,Kentucky,Hancock,21091,331318
5364011,Carbon Dioxide,air,323191055.4358243,kg,5.0,NEI,2020,110043809171,Missouri,New madrid,29143,331313
5364011,Carbon Monoxide,air,13077813.007208487,kg,1.1427122583901084,NEI,2020,110043809171,Missouri,New madrid,29143,331313
5364011,Nitrogen Oxides,air,4961.574780008001,kg,2.0052658524098588,NEI,2020,110043809171,Missouri,New madrid,29143,331313
5364011,PM2.5 Primary (Filt + Cond),air,161544.745332124,kg,4.968008553814568,NEI,2020,110043809171,Missouri,New madrid,29143,331313
5364011,Sulfur Dioxide,air,2917766.576578854,kg,4.133441476664195,NEI,2020,110043809171,Missouri,New madrid,29143,331313
5364011,Volatile Organic Compounds,air,0.0,kg,2.6786263502386967,NEI,2020,110043809171,Missouri,New madrid,29143,331313
5451611,Carbon Dioxide,air,2508547.243048,kg,2.0,NEI,2020,110000920200,Pennsylvania,Lycoming,42081,331315
5451611,Carbon Monoxide,air,1782.3458586780002,kg,2.0,NEI,2020,110000920200,Pennsylvania,Lycoming,42081,331315
5451611,Nitrogen Oxides,air,2090.516514856,kg,2.0,NEI,2020,110000920200,Pennsylvania,Lycoming,42081,331315
5451611,PM2.5 Primary (Filt + Cond),air,158.213018656,kg,2.0,NEI,2020,110000920200,Pennsylvania,Lycoming,42081,331315
5451611,Sulfur Dioxide,air,12.70058636,kg,2.0,NEI,2020,110000920200,Pennsylvania,Lycoming,42081,331315
5451611,Volatile Organic Compounds,air,41083.22172801,kg,1.0572378081768297,NEI,2020,110000920200,Pennsylvania,Lycoming,42081,331315
5643711,Carbon Monoxide,air,392.175963102,kg,2.8910478834142954,NEI,2020,110012466107,Massachusetts,Bristol,25005,331318
5643711,Nitrogen Oxides,air,751.693275564,kg,2.5771180304127443,NEI,2020,110012466107,Massachusetts,Bristol,25005,331318
5643711,PM2.5 Primary (Filt + Cond),air,248.253644218272,kg,2.0,NEI,2020,110012466107,Massachusetts,Bristol,25005,331318
5643711,Sulfur Dioxide,air,4.445205226000001,kg,2.551020408163265,NEI,2020,110012466107,Massachusetts,Bristol,25005,331318
5643711,Volatile Organic Compounds,air,7866.833909858001,kg,4.9875110993230845,NEI,2020,110012466107,Massachusetts,Bristol,25005,331318
5682311,Carbon Monoxide,air,3230.0557607579804,kg,5.0,NEI,2020,110000477939,California,Los angeles,06037,331314
5682311,Nitrogen Oxides,air,6615.19112408,kg,5.000000000000001,NEI,2020,110000477939,California,Los angeles,06037,331314
5682311,PM2.5 Primary (Filt + Cond),air,1137.0237922615065,kg,5.0,NEI,2020,110000477939,California,Los angeles,06037,331314
5682311,Sulfur Dioxide,air,49.115979726814004,kg,5.0,NEI,2020,110000477939,California,Los angeles,06037,331314
5682311,Volatile Organic Compounds,air,647.6570676765656,kg,5.0,NEI,2020,110000477939,California,Los angeles,06037,331314
5768711,Carbon Dioxide,air,103342517.72597836,kg,5.0,NEI,2020,110027376382,West virginia,Jackson,54035,331314
5768711,Carbon Monoxide,air,63268.878137080006,kg,4.0,NEI,2020,110027376382,West virginia,Jackson,54035,331314
5768711,Nitrogen Oxides,air,105441.17514546,kg,4.0,NEI,2020,110027376382,West virginia,Jackson,54035,331314
5768711,PM2.5 Primary (Filt + Cond),air,33941.40986236,kg,2.0,NEI,2020,110027376382,West virginia,Jackson,54035,331314
5768711,Sulfur Dioxide,air,453.59237,kg,4.0,NEI,2020,110027376382,West virginia,Jackson,54035,331314
5768711,Volatile Organic Compounds,air,149361.61714782,kg,4.0,NEI,2020,110027376382,West virginia,Jackson,54035,331314
5778511,PM2.5 Primary (Filt + Cond),air,148.98656701823973,kg,2.0,NEI,2020,110000379607,Kentucky,Kenton,21117,331314
5778511,Volatile Organic Compounds,air,1995.8501361607732,kg,3.0,NEI,2020,110000379607,Kentucky,Kenton,21117,331314
5816811,Carbon Dioxide,air,5639060.34384,kg,3.0,NEI,2020,110057505864,Kentucky,Hopkins,21107,331314
5816811,Carbon Monoxide,air,3947.342240688,kg,3.0000000000000004,NEI,2020,110057505864,Kentucky,Hopkins,21107,331314
5816811,Nitrogen Oxides,air,10936.56563307,kg,3.0,NEI,2020,110057505864,Kentucky,Hopkins,21107,331314
5816811,PM2.5 Primary (Filt + Cond),air,12623.612470537824,kg,2.0,NEI,2020,110057505864,Kentucky,Hopkins,21107,331314
5816811,Sulfur Dioxide,air,28.195301719200003,kg,3.0,NEI,2020,110057505864,Kentucky,Hopkins,21107,331314
5816811,Volatile Organic Compounds,air,570.7443113074934,kg,3.0,NEI,2020,110057505864,Kentucky,Hopkins,21107,331314
5846711,Carbon Dioxide,air,86900.01490565372,kg,5.0,NEI,2020,110000606997,Texas,Calhoun,48057,331313
5846711,Carbon Monoxide,air,3129.1523236820003,kg,1.9251732235526047,NEI,2020,110000606997,Texas,Calhoun,48057,331313
5846711,Nitrogen Oxides,air,4804.722538462001,kg,4.193021543341578,NEI,2020,110000606997,Texas,Calhoun,48057,331313
5846711,PM2.5 Primary (Filt + Cond),air,1010.3301934424161,kg,2.0,NEI,2020,110000606997,Texas,Calhoun,48057,331313
5846711,Sulfur Dioxide,air,1264.61552756,kg,5.0,NEI,2020,110000606997,Texas,Calhoun,48057,331313
5846711,Volatile Organic Compounds,air,3097.6362622429983,kg,2.9428794338098023,NEI,2020,110000606997,Texas,Calhoun,48057,331313
6123811,Carbon Monoxide,air,3076.6263272359997,kg,2.0,NEI,2020,110000441095,Missouri,St. louis city,29510,331315
6123811,Nitrogen Oxides,air,5171.134454948,kg,2.0,NEI,2020,110000441095,Missouri,St. louis city,29510,331315
6123811,PM2.5 Primary (Filt + Cond),air,2762.3775333,kg,4.137668308702792,NEI,2020,110000441095,Missouri,St. louis city,29510,331315
6123811,Sulfur Dioxide,air,109.043605748,kg,2.0,NEI,2020,110000441095,Missouri,St. louis city,29510,331315
6123811,Volatile Organic Compounds,air,31739.400342958004,kg,1.983619489691797,NEI,2020,110000441095,Missouri,St. louis city,29510,331315
6190711,Carbon Dioxide,air,20948147.38010425,kg,2.0,NEI,2020,110000423907,Minnesota,Dakota,27037,331314
6190711,Carbon Monoxide,air,25295.394979316,kg,2.489465416699542,NEI,2020,110000423907,Minnesota,Dakota,27037,331314
6190711,Nitrogen Oxides,air,32094.091432603203,kg,1.114286182700505,NEI,2020,110000423907,Minnesota,Dakota,27037,331314
6190711,PM2.5 Primary (Filt + Cond),air,30904.745848459115,kg,2.0,NEI,2020,110000423907,Minnesota,Dakota,27037,331314
6190711,Sulfur Dioxide,air,979.3957072749788,kg,1.9992525928373295,NEI,2020,110000423907,Minnesota,Dakota,27037,331314
6190711,Volatile Organic Compounds,air,17455.099897883036,kg,1.9999879809595906,NEI,2020,110000423907,Minnesota,Dakota,27037,331314
6370211,Carbon Dioxide,air,24870204.265898608,kg,5.0,NEI,2020,110043794212,Ohio,Licking,39089,331318
6370211,Carbon Monoxide,air,17485.07867876,kg,2.0,NEI,2020,110043794212,Ohio,Licking,39089,331318
6370211,Nitrogen Oxides,air,58525.390568568,kg,2.0,NEI,2020,110043794212,Ohio,Licking,39089,331318
6370211,PM2.5 Primary (Filt + Cond),air,45508.0243692074,kg,2.0,NEI,2020,110043794212,Ohio,Licking,39089,331318
6370211,Sulfur Dioxide,air,613.3294590192,kg,2.0,NEI,2020,110043794212,Ohio,Licking,39089,331318
6370211,Volatile Organic Compounds,air,5051.2440014842,kg,2.0,NEI,2020,110043794212,Ohio,Licking,39089,331318
6439011,Carbon Dioxide,air,106123418.20297644,kg,5.0,NEI,2020,110043786285,Washington,Spokane,53063,331315
6439011,Carbon Monoxide,air,86164.4066052,kg,1.991366603495473,NEI,2020,110043786285,Washington,Spokane,53063,331315
6439011,Nitrogen Oxides,air,90473.5341202,kg,1.9901734683645849,NEI,2020,110043786285,Washington,Spokane,53063,331315
6439011,PM2.5 Primary (Filt + Cond),air,33066.883773,kg,2.4164609053497945,NEI,2020,110043786285,Washington,Spokane,53063,331315
6439011,Sulfur Dioxide,air,562.4545388,kg,2.0,NEI,2020,110043786285,Washington,Spokane,53063,331315
6439011,Volatile Organic Compounds,air,125508.55015631512,kg,3.215012630819199,NEI,2020,110043786285,Washington,Spokane,53063,331315
6559911,Carbon Dioxide,air,115705519.8465606,kg,5.0,NEI,2020,110000334200,Pennsylvania,Lancaster,42071,331318
6559911,Carbon Monoxide,air,76054.73986264001,kg,2.0,NEI,2020,110000334200,Pennsylvania,Lancaster,42071,331318
6559911,Nitrogen Oxides,air,131561.201053436,kg,2.1107346915696583,NEI,2020,110000334200,Pennsylvania,Lancaster,42071,331318
6559911,PM2.5 Primary (Filt + Cond),air,41462.42485861153,kg,2.0,NEI,2020,110000334200,Pennsylvania,Lancaster,42071,331318
6559911,Sulfur Dioxide,air,568.532676558,kg,2.0,NEI,2020,110000334200,Pennsylvania,Lancaster,42071,331318
6559911,Volatile Organic Compounds,air,139962.86500574875,kg,1.0618159070324371,NEI,2020,110000334200,Pennsylvania,Lancaster,42071,331318
6581611,Carbon Dioxide,air,3489939.69478,kg,2.0,NEI,2020,110000332765,Pennsylvania,Dauphin,42043,331318
6581611,Carbon Monoxide,air,874.707526308,kg,2.0,NEI,2020,110000332765,Pennsylvania,Dauphin,42043,331318
6581611,Nitrogen Oxides,air,5193.360481078001,kg,2.0,NEI,2020,110000332765,Pennsylvania,Dauphin,42043,331318
6581611,PM2.5 Primary (Filt + Cond),air,478.12264536960004,kg,2.0,NEI,2020,110000332765,Pennsylvania,Dauphin,42043,331318
6581611,Sulfur Dioxide,air,109.31576117,kg,2.0,NEI,2020,110000332765,Pennsylvania,Dauphin,42043,331318
6581611,Volatile Organic Compounds,air,34009.993028704,kg,4.0,NEI,2020,110000332765,Pennsylvania,Dauphin,42043,331318
660311,Carbon Dioxide,air,3410.9511194682004,kg,5.0,NEI,2020,110000597907,Arkansas,Jackson,05067,331315
660311,Carbon Monoxide,air,2707.8920178156,kg,2.0219501899535666,NEI,2020,110000597907,Arkansas,Jackson,05067,331315
660311,Nitrogen Oxides,air,3292.0464155964005,kg,2.0837949107984324,NEI,2020,110000597907,Arkansas,Jackson,05067,331315
660311,PM2.5 Primary (Filt + Cond),air,878.637994912524,kg,2.0,NEI,2020,110000597907,Arkansas,Jackson,05067,331315
660311,Sulfur Dioxide,air,25.278702780100005,kg,2.7213350080746452,NEI,2020,110000597907,Arkansas,Jackson,05067,331315
660311,Volatile Organic Compounds,air,630957.8794136385,kg,3.999453720496925,NEI,2020,110000597907,Arkansas,Jackson,05067,331315
6901511,Carbon Monoxide,air,2468.6129707932,kg,2.0,NEI,2020,110000344985,West virginia,Marion,54049,331315
6901511,Nitrogen Oxides,air,2938.82496523,kg,2.0,NEI,2020,110000344985,West virginia,Marion,54049,331315
6901511,PM2.5 Primary (Filt + Cond),air,1401.7845818022201,kg,2.0,NEI,2020,110000344985,West virginia,Marion,54049,331315
6901511,Sulfur Dioxide,air,17.63294979138,kg,2.0,NEI,2020,110000344985,West virginia,Marion,54049,331315
6901511,Volatile Organic Compounds,air,175280.5266399204,kg,3.9981618262701826,NEI,2020,110000344985,West virginia,Marion,54049,331315
6952911,Carbon Monoxide,air,4055.1157878,kg,5.0,NEI,2020,110002226181,Mississippi,Tate,28137,331318
6952911,Nitrogen Oxides,air,4835.294664200001,kg,5.0,NEI,2020,110002226181,Mississippi,Tate,28137,331318
6952911,PM2.5 Primary (Filt + Cond),air,1250.8444632068001,kg,2.0,NEI,2020,110002226181,Mississippi,Tate,28137,331318
6952911,Sulfur Dioxide,air,27.2155422,kg,5.000000000000001,NEI,2020,110002226181,Mississippi,Tate,28137,331318
6952911,Volatile Organic Compounds,air,41110.52798868401,kg,5.0,NEI,2020,110002226181,Mississippi,Tate,28137,331318
7027911,Carbon Dioxide,air,590577.2657400001,kg,2.0,NEI,2020,110008802527,Minnesota,Douglas,27041,331318
7027911,Carbon Monoxide,air,403.878646248,kg,2.0,NEI,2020,110008802527,Minnesota,Douglas,27041,331318
7027911,Nitrogen Oxides,air,480.80791220000003,kg,2.0,NEI,2020,110008802527,Minnesota,Douglas,27041,331318
7027911,PM2.5 Primary (Filt + Cond),air,7498.18850454212,kg,2.0,NEI,2020,110008802527,Minnesota,Douglas,27041,331318
7027911,Sulfur Dioxide,air,2.8848474732000002,kg,2.0,NEI,2020,110008802527,Minnesota,Douglas,27041,331318
7027911,Volatile Organic Compounds,air,211.537019741236,kg,3.7602303105079167,NEI,2020,110008802527,Minnesota,Douglas,27041,331318
7049711,Carbon Dioxide,air,25831804.430838503,kg,5.0,NEI,2020,110000416782,Wisconsin,Sheboygan,55117,331314
7049711,Carbon Monoxide,air,14463.699902190001,kg,2.0,NEI,2020,110000416782,Wisconsin,Sheboygan,55117,331314
7049711,Nitrogen Oxides,air,17218.094209778,kg,2.0,NEI,2020,110000416782,Wisconsin,Sheboygan,55117,331314
7049711,PM2.5 Primary (Filt + Cond),air,21277.616556734076,kg,2.0,NEI,2020,110000416782,Wisconsin,Sheboygan,55117,331314
7049711,Sulfur Dioxide,air,102.87474951600001,kg,2.0,NEI,2020,110000416782,Wisconsin,Sheboygan,55117,331314
7049711,Volatile Organic Compounds,air,9501.85296676,kg,2.0,NEI,2020,110000416782,Wisconsin,Sheboygan,55117,331314
7178611,Carbon Dioxide,air,1398878.86908,kg,2.0,NEI,2020,110002034487,Wisconsin,Manitowoc,55071,331314
7178611,Carbon Monoxide,air,24131.3227364902,kg,1.0410233294975269,NEI,2020,110002034487,Wisconsin,Manitowoc,55071,331314
7178611,Nitrogen Oxides,air,69002.25303522937,kg,1.0243743903325977,NEI,2020,110002034487,Wisconsin,Manitowoc,55071,331314
7178611,PM2.5 Primary (Filt + Cond),air,4619.393495771978,kg,2.0,NEI,2020,110002034487,Wisconsin,Manitowoc,55071,331314
7178611,Sulfur Dioxide,air,22.894349127957998,kg,2.0,NEI,2020,110002034487,Wisconsin,Manitowoc,55071,331314
7178611,Volatile Organic Compounds,air,20288.700666705725,kg,1.9997740393829446,NEI,2020,110002034487,Wisconsin,Manitowoc,55071,331314
7200711,Carbon Dioxide,air,4918755.66028,kg,3.0,NEI,2020,110000321535,New jersey,Gloucester,34015,331315
7200711,Carbon Monoxide,air,4888.81856386,kg,3.1837075524216,NEI,2020,110000321535,New jersey,Gloucester,34015,331315
7200711,Nitrogen Oxides,air,7439.82205274,kg,3.577246677234484,NEI,2020,110000321535,New jersey,Gloucester,34015,331315
7200711,PM2.5 Primary (Filt + Cond),air,6448.541287342001,kg,3.9646469620021665,NEI,2020,110000321535,New jersey,Gloucester,34015,331315
7200711,Sulfur Dioxide,air,22.6796185,kg,1.08,NEI,2020,110000321535,New jersey,Gloucester,34015,331315
7200711,Volatile Organic Compounds,air,87849.40889902353,kg,3.9729950748071734,NEI,2020,110000321535,New jersey,Gloucester,34015,331315
7212211,Carbon Dioxide,air,303235552.01292706,kg,5.0,NEI,2020,110000516683,Alabama,Colbert,01033,331315
7212211,Carbon Monoxide,air,174197.61377480003,kg,2.2240391625872302,NEI,2020,110000516683,Alabama,Colbert,01033,331315
7212211,Nitrogen Oxides,air,89693.3552438,kg,1.9935268534439163,NEI,2020,110000516683,Alabama,Colbert,01033,331315
7212211,PM2.5 Primary (Filt + Cond),air,531772.3987685803,kg,2.0,NEI,2020,110000516683,Alabama,Colbert,01033,331315
7212211,Sulfur Dioxide,air,1288.2023308000003,kg,2.2323943661971826,NEI,2020,110000516683,Alabama,Colbert,01033,331315
7212211,Volatile Organic Compounds,air,345056.89330996125,kg,5.0,NEI,2020,110000516683,Alabama,Colbert,01033,331315
7216911,Carbon Dioxide,air,3792939.39794,kg,1.0,NEI,2020,110000321492,New jersey,Camden,34007,331318
7216911,Carbon Monoxide,air,3330.910209858,kg,1.0855189694147125,NEI,2020,110000321492,New jersey,Camden,34007,331318
7216911,Nitrogen Oxides,air,3965.485935488,kg,1.0855600292825769,NEI,2020,110000321492,New jersey,Camden,34007,331318
7216911,PM2.5 Primary (Filt + Cond),air,3146.11667832,kg,1.0908304498269896,NEI,2020,110000321492,New jersey,Camden,34007,331318
7216911,Sulfur Dioxide,air,4.898797596,kg,1.3703703703703705,NEI,2020,110000321492,New jersey,Camden,34007,331318
7216911,Volatile Organic Compounds,air,141.14956067494498,kg,1.1079913606911447,NEI,2020,110000321492,New jersey,Camden,34007,331318
7271011,Carbon Monoxide,air,18613.072184476,kg,2.0,NEI,2020,110000566192,Missouri,Lincoln,29113,331314
7271011,Nitrogen Oxides,air,25263.189921046003,kg,2.0,NEI,2020,110000566192,Missouri,Lincoln,29113,331314
7271011,PM2.5 Primary (Filt + Cond),air,3464.7199590080004,kg,2.0,NEI,2020,110000566192,Missouri,Lincoln,29113,331314
7271011,Sulfur Dioxide,air,702.4331441820001,kg,2.0,NEI,2020,110000566192,Missouri,Lincoln,29113,331314
7271011,Volatile Organic Compounds,air,11709.577750024,kg,2.0,NEI,2020,110000566192,Missouri,Lincoln,29113,331314
7286711,PM2.5 Primary (Filt + Cond),air,16.692199216,kg,5.0,NEI,2020,110000606318,Missouri,Pemiscot,29155,331318
7286711,Volatile Organic Compounds,air,520.134370679,kg,4.0,NEI,2020,110000606318,Missouri,Pemiscot,29155,331318
7311611,Carbon Monoxide,air,1451.8584578960001,kg,3.4288927768057986,NEI,2020,110000321438,New jersey,Camden,34007,331314
7311611,Nitrogen Oxides,air,3550.811790834,kg,3.4659564139904444,NEI,2020,110000321438,New jersey,Camden,34007,331314
7311611,Volatile Organic Compounds,air,1858.005065994,kg,3.5358136809726086,NEI,2020,110000321438,New jersey,Camden,34007,331314
7322411,Carbon Dioxide,air,6805492.17417454,kg,2.0,NEI,2020,110000432309,Illinois,Cook,17031,331314
7322411,Carbon Monoxide,air,41487.63379888512,kg,1.004760925147677,NEI,2020,110000432309,Illinois,Cook,17031,331314
7322411,Nitrogen Oxides,air,8288.80907729952,kg,1.129445077777369,NEI,2020,110000432309,Illinois,Cook,17031,331314
7322411,PM2.5 Primary (Filt + Cond),air,13472.161496325842,kg,1.422032204133513,NEI,2020,110000432309,Illinois,Cook,17031,331314
7322411,Sulfur Dioxide,air,46.78896015024001,kg,2.0,NEI,2020,110000432309,Illinois,Cook,17031,331314
7322411,Volatile Organic Compounds,air,9510.503880440641,kg,1.001282010191981,NEI,2020,110000432309,Illinois,Cook,17031,331314
7330811,Carbon Monoxide,air,6062.71561742,kg,5.0,NEI,2020,110000389963,Ohio,Trumbull,39155,331315
7330811,Nitrogen Oxides,air,7217.561791440001,kg,5.0,NEI,2020,110000389963,Ohio,Trumbull,39155,331315
7330811,PM2.5 Primary (Filt + Cond),air,548.574612278,kg,2.0,NEI,2020,110000389963,Ohio,Trumbull,39155,331315
7330811,Sulfur Dioxide,air,43.3089994876,kg,5.0,NEI,2020,110000389963,Ohio,Trumbull,39155,331315
7330811,Volatile Organic Compounds,air,41102.726199920005,kg,4.151696222050886,NEI,2020,110000389963,Ohio,Trumbull,39155,331315
7352311,Carbon Dioxide,air,387177466.4111882,kg,5.0,NEI,2020,110038162118,Kentucky,Henderson,21101,331313
7352311,Carbon Monoxide,air,21690399.580495693,kg,3.0,NEI,2020,110038162118,Kentucky,Henderson,21101,331313
7352311,Nitrogen Oxides,air,41547.280161349525,kg,2.9999999999999996,NEI,2020,110038162118,Kentucky,Henderson,21101,331313
7352311,PM2.5 Primary (Filt + Cond),air,98076.37215597415,kg,2.0,NEI,2020,110038162118,Kentucky,Henderson,21101,331313
7352311,Sulfur Dioxide,air,3605477.2550570494,kg,3.0000000000000004,NEI,2020,110038162118,Kentucky,Henderson,21101,331313
7352311,Volatile Organic Compounds,air,0.0,kg,3.0000000000000004,NEI,2020,110038162118,Kentucky,Henderson,21101,331313
7352411,Carbon Dioxide,air,364380762.5009498,kg,5.0,NEI,2020,110000380917,Kentucky,Hancock,21091,331313
7352411,Carbon Monoxide,air,20775705.83128208,kg,3.0,NEI,2020,110000380917,Kentucky,Hancock,21091,331313
7352411,Nitrogen Oxides,air,150478.4578332046,kg,3.0000000000000004,NEI,2020,110000380917,Kentucky,Hancock,21091,331313
7352411,PM2.5 Primary (Filt + Cond),air,595380.8211174819,kg,2.0,NEI,2020,110000380917,Kentucky,Hancock,21091,331313
7352411,Sulfur Dioxide,air,1429684.885242098,kg,3.0,NEI,2020,110000380917,Kentucky,Hancock,21091,331313
7352411,Volatile Organic Compounds,air,0.0,kg,2.9999999999999996,NEI,2020,110000380917,Kentucky,Hancock,21091,331313
7367711,Carbon Dioxide,air,30554905.240975358,kg,5.0,NEI,2020,110000377896,Kentucky,Shelby,21211,331314
7367711,Carbon Monoxide,air,21679.90091652,kg,3.0,NEI,2020,110000377896,Kentucky,Shelby,21211,331314
7367711,Nitrogen Oxides,air,25809.405853,kg,3.0000000000000004,NEI,2020,110000377896,Kentucky,Shelby,21211,331314
7367711,PM2.5 Primary (Filt + Cond),air,3140.9772953309525,kg,2.0,NEI,2020,110000377896,Kentucky,Shelby,21211,331314
7367711,Sulfur Dioxide,air,154.856435118,kg,3.0,NEI,2020,110000377896,Kentucky,Shelby,21211,331314
7367711,Volatile Organic Compounds,air,10186.276225891152,kg,3.0,NEI,2020,110000377896,Kentucky,Shelby,21211,331314
7380111,Carbon Dioxide,air,44781507.68121441,kg,5.0,NEI,2020,110000380999,Kentucky,Henderson,21101,331314
7380111,Carbon Monoxide,air,124479.47581607656,kg,3.0,NEI,2020,110000380999,Kentucky,Henderson,21101,331314
7380111,Nitrogen Oxides,air,30049.7007258525,kg,3.0,NEI,2020,110000380999,Kentucky,Henderson,21101,331314
7380111,PM2.5 Primary (Filt + Cond),air,40088.29850701873,kg,2.0,NEI,2020,110000380999,Kentucky,Henderson,21101,331314
7380111,Sulfur Dioxide,air,225.18956082546,kg,3.0,NEI,2020,110000380999,Kentucky,Henderson,21101,331314
7380111,Volatile Organic Compounds,air,23029.63995663229,kg,3.0,NEI,2020,110000380999,Kentucky,Henderson,21101,331314
7414411,Carbon Dioxide,air,16027777.112424,kg,2.0,NEI,2020,110000432434,Illinois,Cook,17031,331314
7414411,Carbon Monoxide,air,11219.4893379338,kg,2.0,NEI,2020,110000432434,Illinois,Cook,17031,331314
7414411,Nitrogen Oxides,air,13356.4174240882,kg,2.0,NEI,2020,110000432434,Illinois,Cook,17031,331314
7414411,PM2.5 Primary (Filt + Cond),air,1129.8260188907998,kg,2.3043069807775693,NEI,2020,110000432434,Illinois,Cook,17031,331314
7414411,Sulfur Dioxide,air,80.26407705624,kg,2.0,NEI,2020,110000432434,Illinois,Cook,17031,331314
7414411,Volatile Organic Compounds,air,9980.82745860046,kg,1.073610574970194,NEI,2020,110000432434,Illinois,Cook,17031,331314
7445811,Carbon Dioxide,air,58633310.057165325,kg,5.0,NEI,2020,110000379135,Kentucky,Madison,21151,331314
7445811,Carbon Monoxide,air,65942.01590750621,kg,2.9999999999999996,NEI,2020,110000379135,Kentucky,Madison,21151,331314
7445811,Nitrogen Oxides,air,88385.86616542761,kg,2.9999999999999996,NEI,2020,110000379135,Kentucky,Madison,21151,331314
7445811,PM2.5 Primary (Filt + Cond),air,6168.35183728456,kg,2.0,NEI,2020,110000379135,Kentucky,Madison,21151,331314
7445811,Sulfur Dioxide,air,252.3346692022464,kg,3.0000000000000004,NEI,2020,110000379135,Kentucky,Madison,21151,331314
7445811,Volatile Organic Compounds,air,28505.3729274083,kg,3.0,NEI,2020,110000379135,Kentucky,Madison,21151,331314
7769511,Carbon Dioxide,air,67751811.6212298,kg,5.0,NEI,2020,110000390862,Ohio,Tuscarawas,39157,331314
7769511,Carbon Monoxide,air,35398.3485548,kg,4.999999999999999,NEI,2020,110000390862,Ohio,Tuscarawas,39157,331314
7769511,Nitrogen Oxides,air,44923.7883248,kg,5.000000000000001,NEI,2020,110000390862,Ohio,Tuscarawas,39157,331314
7769511,PM2.5 Primary (Filt + Cond),air,19105.45141947165,kg,2.0,NEI,2020,110000390862,Ohio,Tuscarawas,39157,331314
7769511,Sulfur Dioxide,air,3624.2937547740003,kg,5.0,NEI,2020,110000390862,Ohio,Tuscarawas,39157,331314
7769511,Volatile Organic Compounds,air,11532.173299132983,kg,5.0,NEI,2020,110000390862,Ohio,Tuscarawas,39157,331314
7780211,Carbon Monoxide,air,2174.5218217799998,kg,2.0,NEI,2020,110000406926,Michigan,Wayne,26163,331314
7780211,Nitrogen Oxides,air,2588.6516555900002,kg,2.0,NEI,2020,110000406926,Michigan,Wayne,26163,331314
7780211,PM2.5 Primary (Filt + Cond),air,6803.631538272801,kg,2.0,NEI,2020,110000406926,Michigan,Wayne,26163,331314
7780211,Sulfur Dioxide,air,15.5310027488,kg,2.0,NEI,2020,110000406926,Michigan,Wayne,26163,331314
7780211,Volatile Organic Compounds,air,93.70653336041596,kg,2.0,NEI,2020,110000406926,Michigan,Wayne,26163,331314
7876611,Carbon Monoxide,air,4232.3706141486,kg,5.0,NEI,2020,110017209590,California,Los angeles,06037,331318
7876611,Nitrogen Oxides,air,9697.8048706,kg,5.0,NEI,2020,110017209590,California,Los angeles,06037,331318
7876611,PM2.5 Primary (Filt + Cond),air,4403.729468156546,kg,5.0,NEI,2020,110017209590,California,Los angeles,06037,331318
7876611,Sulfur Dioxide,air,65.55444844288341,kg,4.999999999999999,NEI,2020,110017209590,California,Los angeles,06037,331318
7876611,Volatile Organic Compounds,air,917.1714315007599,kg,5.0,NEI,2020,110017209590,California,Los angeles,06037,331318
7922611,Carbon Monoxide,air,19431.8971308,kg,2.0,NEI,2020,110000348927,North carolina,Rowan,37159,331315
7922611,Nitrogen Oxides,air,23142.2827174,kg,2.0,NEI,2020,110000348927,North carolina,Rowan,37159,331315
7922611,PM2.5 Primary (Filt + Cond),air,1796.2257852,kg,2.0,NEI,2020,110000348927,North carolina,Rowan,37159,331315
7922611,Sulfur Dioxide,air,108.8621688,kg,2.0,NEI,2020,110000348927,North carolina,Rowan,37159,331315
7922611,Volatile Organic Compounds,air,333315.225511827,kg,2.0,NEI,2020,110000348927,North carolina,Rowan,37159,331315
7955811,Carbon Monoxide,air,2819.53017192,kg,2.0,NEI,2020,110000404090,Indiana,Vigo,18167,331315
7955811,Nitrogen Oxides,air,3356.583538,kg,2.0,NEI,2020,110000404090,Indiana,Vigo,18167,331315
7955811,PM2.5 Primary (Filt + Cond),air,270.56784870499996,kg,2.0,NEI,2020,110000404090,Indiana,Vigo,18167,331315
7955811,Sulfur Dioxide,air,20.139501228,kg,2.0,NEI,2020,110000404090,Indiana,Vigo,18167,331315
7955811,Volatile Organic Compounds,air,80378.18436307197,kg,3.9954085747967985,NEI,2020,110000404090,Indiana,Vigo,18167,331315
7979511,Carbon Dioxide,air,23219203.982708342,kg,5.0,NEI,2020,110007999194,New york,Montgomery,36057,331318
7979511,Carbon Monoxide,air,16306.599158386913,kg,2.0,NEI,2020,110007999194,New york,Montgomery,36057,331318
7979511,Nitrogen Oxides,air,19454.6901473925,kg,2.0,NEI,2020,110007999194,New york,Montgomery,36057,331318
7979511,PM2.5 Primary (Filt + Cond),air,4438.459708716172,kg,3.7822024186195984,NEI,2020,110007999194,New york,Montgomery,36057,331318
7979511,Sulfur Dioxide,air,116.7626048326276,kg,2.0,NEI,2020,110007999194,New york,Montgomery,36057,331318
7979511,Volatile Organic Compounds,air,5197.3637316702925,kg,3.535035595248324,NEI,2020,110007999194,New york,Montgomery,36057,331318
8024611,Carbon Dioxide,air,846476845.1931942,kg,5.0,NEI,2020,110000448677,Louisiana,St. john the baptist,22000,331313
8024611,Carbon Monoxide,air,617188.62290316,kg,1.193452186720052,NEI,2020,110000448677,Louisiana,St. john the baptist,22000,331313
8024611,Nitrogen Oxides,air,2382737.321090742,kg,1.0056569565877382,NEI,2020,110000448677,Louisiana,St. john the baptist,22000,331313
8024611,PM2.5 Primary (Filt + Cond),air,113097.451477164,kg,2.583694691365749,NEI,2020,110000448677,Louisiana,St. john the baptist,22000,331313
8024611,Sulfur Dioxide,air,9655.62078019,kg,2.0008455865081975,NEI,2020,110000448677,Louisiana,St. john the baptist,22000,331313
8024611,Volatile Organic Compounds,air,126607.21885016459,kg,1.3201113040879973,NEI,2020,110000448677,Louisiana,St. john the baptist,22000,331313
8109311,Carbon Dioxide,air,223373438.31445974,kg,5.0,NEI,2020,110043784982,Kentucky,Logan,21141,331314
8109311,Carbon Monoxide,air,155631.93681296412,kg,3.0,NEI,2020,110043784982,Kentucky,Logan,21141,331314
8109311,Nitrogen Oxides,air,239445.20398566875,kg,3.0000000000000004,NEI,2020,110043784982,Kentucky,Logan,21141,331314
8109311,PM2.5 Primary (Filt + Cond),air,189462.9434123857,kg,2.0,NEI,2020,110043784982,Kentucky,Logan,21141,331314
8109311,Sulfur Dioxide,air,2449.9653711575193,kg,3.0,NEI,2020,110043784982,Kentucky,Logan,21141,331314
8109311,Volatile Organic Compounds,air,416421.30990342196,kg,3.0000000000000004,NEI,2020,110043784982,Kentucky,Logan,21141,331314
8145311,Carbon Monoxide,air,5486.65330752,kg,2.0,NEI,2020,110000405981,Michigan,Oakland,26125,331314
8145311,Nitrogen Oxides,air,6531.730128,kg,2.0,NEI,2020,110000405981,Michigan,Oakland,26125,331314
8145311,PM2.5 Primary (Filt + Cond),air,7263.222395210629,kg,1.0585576751361878,NEI,2020,110000405981,Michigan,Oakland,26125,331314
8145311,Sulfur Dioxide,air,39.190380768,kg,2.0,NEI,2020,110000405981,Michigan,Oakland,26125,331314
8145311,Volatile Organic Compounds,air,4187.210341167047,kg,2.0,NEI,2020,110000405981,Michigan,Oakland,26125,331314
8165711,Carbon Dioxide,air,47765908.193118125,kg,5.0,NEI,2020,110000404198,Indiana,Tippecanoe,18157,331318
8165711,Carbon Monoxide,air,9748.425779092,kg,1.6431163803532545,NEI,2020,110000404198,Indiana,Tippecanoe,18157,331318
8165711,Nitrogen Oxides,air,10959.608125466,kg,2.0310159011331934,NEI,2020,110000404198,Indiana,Tippecanoe,18157,331318
8165711,PM2.5 Primary (Filt + Cond),air,4671.974739768644,kg,2.0,NEI,2020,110000404198,Indiana,Tippecanoe,18157,331318
8165711,Sulfur Dioxide,air,66.133767546,kg,2.0329218106995888,NEI,2020,110000404198,Indiana,Tippecanoe,18157,331318
8165711,Volatile Organic Compounds,air,46529.067997632264,kg,3.9009065281453696,NEI,2020,110000404198,Indiana,Tippecanoe,18157,331318
8170711,Carbon Monoxide,air,5669.904625,kg,2.0,NEI,2020,110000486778,Oregon,Wasco,41065,331314
8170711,Nitrogen Oxides,air,6577.089364999999,kg,2.0,NEI,2020,110000486778,Oregon,Wasco,41065,331314
8170711,PM2.5 Primary (Filt + Cond),air,3372.3685524760003,kg,2.0003228062624414,NEI,2020,110000486778,Oregon,Wasco,41065,331314
8170711,Sulfur Dioxide,air,1054.14866788,kg,2.0,NEI,2020,110000486778,Oregon,Wasco,41065,331314
8170711,Volatile Organic Compounds,air,1689.6921110589615,kg,2.574133998196382,NEI,2020,110000486778,Oregon,Wasco,41065,331314
8180811,Carbon Dioxide,air,7901640.77396232,kg,2.0,NEI,2020,110000432666,Illinois,Will,17197,331314
8180811,Carbon Monoxide,air,5523.1221340679995,kg,2.0,NEI,2020,110000432666,Illinois,Will,17197,331314
8180811,Nitrogen Oxides,air,6754.89757404,kg,2.0,NEI,2020,110000432666,Illinois,Will,17197,331314
8180811,PM2.5 Primary (Filt + Cond),air,4404.374537288064,kg,2.0,NEI,2020,110000432666,Illinois,Will,17197,331314
8180811,Sulfur Dioxide,air,39.33734469588,kg,2.0,NEI,2020,110000432666,Illinois,Will,17197,331314
8180811,Volatile Organic Compounds,air,4800.318966627171,kg,4.599003961109871,NEI,2020,110000432666,Illinois,Will,17197,331314
8181611,Carbon Dioxide,air,43542707.468727365,kg,5.0,NEI,2020,110000401761,Indiana,Wabash,18169,331314
8181611,Carbon Monoxide,air,45590.1518037196,kg,1.647992002314617,NEI,2020,110000401761,Indiana,Wabash,18169,331314
8181611,Nitrogen Oxides,air,46959.05728899,kg,1.5552850947095929,NEI,2020,110000401761,Indiana,Wabash,18169,331314
8181611,PM2.5 Primary (Filt + Cond),air,32123.955954244004,kg,2.0,NEI,2020,110000401761,Indiana,Wabash,18169,331314
8181611,Sulfur Dioxide,air,11212.8033864,kg,1.5679611650485437,NEI,2020,110000401761,Indiana,Wabash,18169,331314
8181611,Volatile Organic Compounds,air,26915.183082100404,kg,1.052328559972202,NEI,2020,110000401761,Indiana,Wabash,18169,331314
8181811,Carbon Monoxide,air,12175157.27816077,kg,1.0113840773578497,NEI,2020,110000602045,Indiana,Warrick,18173,331313
8181811,Nitrogen Oxides,air,607335.267601116,kg,1.8528094957622119,NEI,2020,110000602045,Indiana,Warrick,18173,331313
8181811,PM2.5 Primary (Filt + Cond),air,289092.3079096109,kg,2.0,NEI,2020,110000602045,Indiana,Warrick,18173,331313
8181811,Sulfur Dioxide,air,2012687.1763018528,kg,3.998446602631529,NEI,2020,110000602045,Indiana,Warrick,18173,331313
8181811,Volatile Organic Compounds,air,607667.6662878625,kg,2.4818501258752277,NEI,2020,110000602045,Indiana,Warrick,18173,331313
8403111,Carbon Monoxide,air,16454.344449019398,kg,2.0,NEI,2020,110000409111,Michigan,Branch,26023,331314
8403111,Nitrogen Oxides,air,23438.6554360343,kg,1.1575760754229594,NEI,2020,110000409111,Michigan,Branch,26023,331314
8403111,PM2.5 Primary (Filt + Cond),air,21407.17578250328,kg,1.2531202203364002,NEI,2020,110000409111,Michigan,Branch,26023,331314
8403111,Sulfur Dioxide,air,12585.149823389222,kg,1.0017590596473533,NEI,2020,110000409111,Michigan,Branch,26023,331314
8403111,Volatile Organic Compounds,air,46159.32344224145,kg,1.004400851484558,NEI,2020,110000409111,Michigan,Branch,26023,331314
9225611,Carbon Dioxide,air,1767137.81369664,kg,5.0,NEI,2020,110037965084,Pennsylvania,Allegheny,42003,331314
9225611,Carbon Monoxide,air,14588.074930044002,kg,1.0846112707237292,NEI,2020,110037965084,Pennsylvania,Allegheny,42003,331314
9225611,Nitrogen Oxides,air,13760.903884112002,kg,1.11780760508412,NEI,2020,110037965084,Pennsylvania,Allegheny,42003,331314
9225611,PM2.5 Primary (Filt + Cond),air,329.1399592876781,kg,2.0,NEI,2020,110037965084,Pennsylvania,Allegheny,42003,331314
9225611,Sulfur Dioxide,air,1313.784940468,kg,1.2376743543709434,NEI,2020,110037965084,Pennsylvania,Allegheny,42003,331314
9225611,Volatile Organic Compounds,air,7640.672754175999,kg,1.2875885811634156,NEI,2020,110037965084,Pennsylvania,Allegheny,42003,331314
9517711,PM2.5 Primary (Filt + Cond),air,869.1838598630881,kg,2.0,NEI,2020,110038036489,Michigan,Macomb,26099,331314
9517711,Volatile Organic Compounds,air,26.852668304,kg,1.0,NEI,2020,110038036489,Michigan,Macomb,26099,331314
9558011,Volatile Organic Compounds,air,22216.954282600003,kg,2.0,NEI,2020,110001852460,Michigan,Grand traverse,26055,331318
9612811,Carbon Monoxide,air,2469.57367943286,kg,2.0,NEI,2020,110000378314,Kentucky,Jefferson,21111,331314
9612811,Nitrogen Oxides,air,2939.96620363292,kg,2.0,NEI,2020,110000378314,Kentucky,Jefferson,21111,331314
9612811,PM2.5 Primary (Filt + Cond),air,28195.51546593168,kg,2.0,NEI,2020,110000378314,Kentucky,Jefferson,21111,331314
9612811,Sulfur Dioxide,air,17.639780892472203,kg,2.0,NEI,2020,110000378314,Kentucky,Jefferson,21111,331314
9612811,Volatile Organic Compounds,air,7148.756431748987,kg,4.587881830155674,NEI,2020,110000378314,Kentucky,Jefferson,21111,331314
9612911,Carbon Monoxide,air,11646.79693727704,kg,2.0,NEI,2020,110009573611,Kentucky,Jefferson,21111,331315
9612911,Nitrogen Oxides,air,15065.2631751314,kg,2.0,NEI,2020,110009573611,Kentucky,Jefferson,21111,331315
9612911,PM2.5 Primary (Filt + Cond),air,4904.365632850546,kg,2.0,NEI,2020,110009573611,Kentucky,Jefferson,21111,331315
9612911,Sulfur Dioxide,air,186.849756469684,kg,2.0,NEI,2020,110009573611,Kentucky,Jefferson,21111,331315
9612911,Volatile Organic Compounds,air,831273.2992537803,kg,3.9976963561466516,NEI,2020,110009573611,Kentucky,Jefferson,21111,331315
973811,Carbon Dioxide,air,20867928.84372196,kg,2.0,NEI,2020,110033003096,Arkansas,Pope,05115,331315
973811,Carbon Monoxide,air,14894.24116153897,kg,2.0,NEI,2020,110033003096,Arkansas,Pope,05115,331315
973811,Nitrogen Oxides,air,17966.929853411002,kg,2.0,NEI,2020,110033003096,Arkansas,Pope,05115,331315
973811,PM2.5 Primary (Filt + Cond),air,9587.959222823365,kg,1.7816682409214744,NEI,2020,110033003096,Arkansas,Pope,05115,331315
973811,Sulfur Dioxide,air,107.60998533211696,kg,2.0,NEI,2020,110033003096,Arkansas,Pope,05115,331315
973811,Volatile Organic Compounds,air,92742.22110877662,kg,1.0363503458917613,NEI,2020,110033003096,Arkansas,Pope,05115,331315
9780311,Carbon Monoxide,air,13826.67840650096,kg,2.00188645276021,NEI,2020,110000845284,Florida,St. johns,12109,331318
9780311,Nitrogen Oxides,air,16558.17083532766,kg,2.019601792852052,NEI,2020,110000845284,Florida,St. johns,12109,331318
9780311,PM2.5 Primary (Filt + Cond),air,18200.71544324033,kg,2.0,NEI,2020,110000845284,Florida,St. johns,12109,331318
9780311,Sulfur Dioxide,air,100.42897945696001,kg,2.051651250180662,NEI,2020,110000845284,Florida,St. johns,12109,331318
9780311,Volatile Organic Compounds,air,14995.144917834208,kg,3.8794499961885953,NEI,2020,110000845284,Florida,St. johns,12109,331318
9997511,Carbon Monoxide,air,29.4342030953047,kg,2.0,NEI,2020,110002790025,California,Santa clara,06085,331314
9997511,Nitrogen Oxides,air,48.86465870955284,kg,2.0,NEI,2020,110002790025,California,Santa clara,06085,331314
9997511,PM2.5 Primary (Filt + Cond),air,1.22231259594906,kg,2.0,NEI,2020,110002790025,California,Santa clara,06085,331314
9997511,Sulfur Dioxide,air,0.17375944354538,kg,2.0,NEI,2020,110002790025,California,Santa clara,06085,331314
9997511,Volatile Organic Compounds,air,1.5818122632142746,kg,2.0,NEI,2020,110002790025,California,Santa clara,06085,331314
