"","input","output","value"
"341","331110/US","332119/US",0.0126111725347354
"247","331110/US","332114/US",0.00403145181232611
"610","331200/US","332600/US",0.00324008727595257
"152","331313/US","33131B/US",0.00302673168202117
"868","331110/US","332999/US",0.00258225777340115
"1447","325211/US","326120/US",0.00217181771953379
"90","331110/US","331200/US",0.00208475968761121
"567","33131B/US","332430/US",0.00207104278998496
"570","332430/US","332430/US",0.00196412763686621
"351","332119/US","332119/US",0.00177764681680526
"385","423A00/US","332119/US",0.00170957399926223
"1292","322130/US","322210/US",0.00159751768813765
"870","33131B/US","332999/US",0.00155645310242969
"518","331110/US","332420/US",0.00153399243373353
"1331","322130/US","322230/US",0.00145076641645284
"442","331110/US","332310/US",0.00144055904759843
"609","331110/US","332600/US",0.00135796978800208
"370","336370/US","332119/US",0.00134436608914252
"183","331410/US","331410/US",0.00129249348463439
"153","33131B/US","33131B/US",0.00124721924915425
"91","331200/US","331200/US",0.0012143226594326
"344","33131B/US","332119/US",0.00112773681682302
"478","331110/US","332320/US",0.00107949586957895
"28","321100/US","321910/US",0.00102090246838893
"1182","331110/US","336370/US",0.00101736201867758
"625","332600/US","332600/US",0.0010130954925609
"884","332999/US","332999/US",0.00095012180799766
"303","331110/US","33211A/US",0.000930365521246201
"1332","322210/US","322230/US",0.000906865111574714
"710","331110/US","332720/US",0.000902736952140631
"405","531ORE/US","332119/US",0.000881411189105771
"336","221100/US","332119/US",0.000751961844154936
"306","33211A/US","33211A/US",0.000733882530854976
"358","332720/US","332119/US",0.000718689390238197
"163","423A00/US","33131B/US",0.000704696589176504
"249","33131B/US","332114/US",0.00069588554838429
"393","484000/US","332119/US",0.000668891991075397
"835","331110/US","332996/US",0.000662575999355125
"273","423A00/US","332114/US",0.000614569810046983
"261","332720/US","332114/US",0.000610221707249163
"1291","322120/US","322210/US",0.000608743441983473
"645","423A00/US","332600/US",0.000605108279068445
"1575","562000/US","562000/US",0.000596003587057234
"78","331110/US","331110/US",0.00058888190102041
"1065","333613/US","333613/US",0.000581443596948145
"357","332710/US","332119/US",0.000580547683232261
"711","331200/US","332720/US",0.000577935275145533
"905","423A00/US","332999/US",0.000577265823346051
"377","325510/US","332119/US",0.000576426455716646
"566","331313/US","332430/US",0.000559429710478565
"1330","322120/US","322230/US",0.000559238659257194
"882","332720/US","332999/US",0.000550128863565213
"305","331490/US","33211A/US",0.000537290663128132
"1122","336320/US","336320/US",0.000513870212897755
"565","331110/US","332430/US",0.000497199077712639
"722","332720/US","332720/US",0.000490594418690406
"202","331410/US","331490/US",0.00048961077242532
"118","423A00/US","331200/US",0.000487739717762815
"580","423A00/US","332430/US",0.000484144047482177
"1497","325180/US","326150/US",0.000482667461752073
"1431","325211/US","326110/US",0.000476556262390071
"353","332310/US","332119/US",0.000467322556363651
"345","331420/US","332119/US",0.00046487302813503
"1165","336360/US","336360/US",0.000462639987477226
"525","332420/US","332420/US",0.000460715591533954
"417","550000/US","332119/US",0.000434922279506412
"409","541100/US","332119/US",0.000432362798794804
"254","33211A/US","332114/US",0.00042322753408227
"1378","322130/US","322299/US",0.000406745417152271
"43","423A00/US","321910/US",0.000398294302039692
"58","321100/US","3219A0/US",0.000397888250694173
"424","561900/US","332119/US",0.000394844152528684
"100","332600/US","331200/US",0.000392988121519111
"30","321910/US","321910/US",0.000373435962693985
"971","331110/US","333514/US",0.000372337445244002
"782","334513/US","332800/US",0.00036819091912229
"766","331110/US","332800/US",0.000362756835885804
"724","333511/US","332720/US",0.000362491104955696
"1045","550000/US","33351B/US",0.000360585813558495
"399","518200/US","332119/US",0.000359381140452783
"154","331410/US","33131B/US",0.000358963627774773
"733","423A00/US","332720/US",0.000352295672659673
"1344","424A00/US","322230/US",0.000351793776484387
"217","331313/US","331520/US",0.000347353654567853
"1376","322110/US","322299/US",0.000343929696520417
"253","332114/US","332114/US",0.000341406355984539
"1481","325211/US","326140/US",0.000337203971683464
"11","321200/US","321200/US",0.000332830493694328
"1055","331110/US","333613/US",0.000324133072235742
"346","331490/US","332119/US",0.000323134392700381
"775","332800/US","332800/US",0.00032224520636788
"1211","336390/US","336390/US",0.000322022560791085
"929","550000/US","332999/US",0.00032198567830868
"667","550000/US","332600/US",0.000320417097934428
"359","332800/US","332119/US",0.000314623072223933
"1360","550000/US","322230/US",0.000302817305934119
"918","531ORE/US","332999/US",0.00030073985274863
"479","33131B/US","332320/US",0.000296572567729178
"1025","33351B/US","33351B/US",0.000291093468603149
"1118","33441A/US","336320/US",0.000290411092238999
"792","325510/US","332800/US",0.000285669432912573
"415","541800/US","332119/US",0.000281153518173737
"10","321100/US","321200/US",0.000281125480135772
"31","3219A0/US","321910/US",0.000277554981977762
"1454","424A00/US","326120/US",0.000276339257407235
"1523","325211/US","326160/US",0.000275026795305944
"1341","423A00/US","322230/US",0.000266643002213525
"658","531ORE/US","332600/US",0.000266273685452529
"421","561400/US","332119/US",0.000259862178816658
"1050","333613/US","333612/US",0.00025462856042599
"843","332996/US","332996/US",0.000251848892066128
"401","52A000/US","332119/US",0.000250638611428843
"495","423A00/US","332320/US",0.000248356248099664
"366","334413/US","332119/US",0.000245994410686833
"391","482000/US","332119/US",0.000244993193296433
"542","423A00/US","332420/US",0.000242909312080243
"1117","334413/US","336320/US",0.000242908388567206
"348","331520/US","332119/US",0.000240456716660266
"1336","326110/US","322230/US",0.000240367720019136
"381","423100/US","332119/US",0.000239437422898232
"26","113000/US","321910/US",0.000239435333237746
"318","423A00/US","33211A/US",0.000236951548281766
"1234","331510/US","3363A0/US",0.000236096761403383
"1499","325211/US","326150/US",0.000235245751328939
"339","230301/US","332119/US",0.000235127022380093
"649","484000/US","332600/US",0.000234294594723773
"1276","336500/US","336500/US",0.000233394392788938
"891","335312/US","332999/US",0.000231163643446455
"1252","3363A0/US","3363A0/US",0.000229565014251941
"29","321200/US","321910/US",0.000228517405083617
"330","561300/US","33211A/US",0.00022737574811988
"910","484000/US","332999/US",0.000226428578630677
"1111","331420/US","336320/US",0.000226396624223538
"761","221100/US","332800/US",0.000225896644967992
"373","322210/US","332119/US",0.000224515965985802
"196","2122A0/US","331490/US",0.000222495321606106
"244","221100/US","332114/US",0.000219155574468857
"82","423A00/US","331110/US",0.000218585554898176
"1081","550000/US","333613/US",0.000218476790805083
"1003","550000/US","333514/US",0.000215649473053504
"1301","424A00/US","322210/US",0.000214380661522622
"1471","325211/US","326130/US",0.000214249307768949
"143","331313/US","331313/US",0.000213591544988512
"606","221100/US","332600/US",0.000212189305331652
"384","423800/US","332119/US",0.000211757372076626
"869","331200/US","332999/US",0.000211601236548712
"863","221100/US","332999/US",0.000210648431328357
"1235","331520/US","3363A0/US",0.000210509627488829
"180","2122A0/US","331410/US",0.000209127036770312
"627","332720/US","332600/US",0.000206006542290166
"743","531ORE/US","332720/US",0.000203434800677353
"679","331110/US","332710/US",0.000203392607682054
"1346","484000/US","322230/US",0.000202508831635053
"277","484000/US","332114/US",0.000202393981728801
"458","423A00/US","332310/US",0.000201046764973706
"712","33131B/US","332720/US",0.000198901634760884
"371","336390/US","332119/US",0.000198423720247075
"1232","331110/US","3363A0/US",0.000197667322826035
"715","331510/US","332720/US",0.000195703670133659
"8","113000/US","321200/US",0.000195651177293005
"388","424A00/US","332119/US",0.000193133650945088
"166","484000/US","33131B/US",0.000193120834549532
"423","561600/US","332119/US",0.000192400993391075
"1347","493000/US","322230/US",0.000189964447712847
"122","484000/US","331200/US",0.000189476860639554
"342","331200/US","332119/US",0.00018932163521307
"530","332996/US","332420/US",0.000189041449532246
"304","331313/US","33211A/US",0.000188837945592758
"831","332991/US","332991/US",0.00018780089374193
"1379","322210/US","322299/US",0.000187534000023179
"433","S00300/US","332119/US",0.000187409817592951
"626","332710/US","332600/US",0.000186909801088445
"1071","423800/US","333613/US",0.000185442019803035
"793","3259A0/US","332800/US",0.000185380807001999
"1058","331510/US","333613/US",0.000183327689192041
"156","332710/US","33131B/US",0.000181979117814115
"982","333514/US","333514/US",0.000175839208891741
"753","550000/US","332720/US",0.000175406133268399
"718","33211A/US","332720/US",0.000175086191038017
"416","5419A0/US","332119/US",0.000172179295048643
"707","221100/US","332720/US",0.00017153148892805
"638","326110/US","332600/US",0.000170231896522438
"300","221100/US","33211A/US",0.000170062731931851
"591","331110/US","332500/US",0.000169942489276972
"1342","424200/US","322230/US",0.000167968408688154
"402","523A00/US","332119/US",0.000167932199136495
"364","333514/US","332119/US",0.000167611103156408
"634","335920/US","332600/US",0.000165530995223444
"350","33211A/US","332119/US",0.000163826123359473
"1572","561300/US","562000/US",0.000162601621270547
"575","325510/US","332430/US",0.000161145139167842
"1571","550000/US","562000/US",0.000160977806123248
"948","331110/US","333414/US",0.000160326443886402
"1377","322120/US","322299/US",0.000159717530309973
"810","531ORE/US","332800/US",0.000158841325414397
"583","484000/US","332430/US",0.000158303599664098
"1329","322110/US","322230/US",0.00015692465026401
"395","493000/US","332119/US",0.000156077359018835
"447","332310/US","332310/US",0.000155769226812243
"1588","324110/US","GSLGO/US",0.000154940915678449
"519","33131B/US","332420/US",0.000154528168593751
"492","3259A0/US","332320/US",0.000152918261676217
"383","423600/US","332119/US",0.000152526097446446
"1503","326110/US","326150/US",0.000152477782736971
"903","423600/US","332999/US",0.00015136381300152
"192","423A00/US","331410/US",0.000151265572527509
"1018","331110/US","33351B/US",0.000150731419976735
"343","331313/US","332119/US",0.000150726670904251
"21","423A00/US","321200/US",0.000149285975152583
"431","811300/US","332119/US",0.000146305910258008
"408","533000/US","332119/US",0.000146146258483566
"149","221100/US","33131B/US",0.000145863821521892
"485","332710/US","332320/US",0.000145731499123183
"470","561300/US","332310/US",0.000145218964240652
"87","221100/US","331200/US",0.000144182103658481
"713","331420/US","332720/US",0.000142247576614319
"379","326110/US","332119/US",0.000141609174045973
"1064","332991/US","333613/US",0.000141072394876946
"1562","531ORE/US","562000/US",0.000138387733463703
"136","550000/US","331200/US",0.000138319497200688
"1249","336350/US","3363A0/US",0.000137803165767829
"1263","423A00/US","3363A0/US",0.000137485643793463
"434","331110/US","332200/US",0.000137439100016429
"1449","326110/US","326120/US",0.000137111723557015
"411","541200/US","332119/US",0.000135517474435205
"1271","336413/US","336413/US",0.000135357204082059
"420","561200/US","332119/US",0.000135096869277159
"1513","424A00/US","326150/US",0.000134982194528052
"1197","423A00/US","336370/US",0.000134852986123493
"1394","550000/US","322299/US",0.000134786839396404
"205","423A00/US","331490/US",0.000134616705970474
"1141","550000/US","336320/US",0.000133546634299681
"1129","423600/US","336320/US",0.000132472634561145
"1098","333618/US","336310/US",0.000132109646722278
"604","212230/US","332600/US",0.000131692813755252
"760","212230/US","332800/US",0.000130844995409744
"983","33351B/US","333514/US",0.000130811884292009
"367","334418/US","332119/US",0.000130764452751217
"284","531ORE/US","332114/US",0.000130715495658998
"773","332710/US","332800/US",0.000130301852034021
"816","550000/US","332800/US",0.000130022808764061
"248","331313/US","332114/US",0.000129602792697603
"94","331410/US","331200/US",0.000129118567463147
"969","550000/US","333511/US",0.000129026030507934
"1473","326110/US","326130/US",0.000128706309783969
"857","33299A/US","33299A/US",0.000128528740533387
"228","333514/US","331520/US",0.000128497817264192
"1233","331420/US","3363A0/US",0.000128491044868104
"881","332710/US","332999/US",0.000127552513837005
"1299","424200/US","322210/US",0.000127250861827941
"726","33351B/US","332720/US",0.000127056068153972
"936","331110/US","333111/US",0.000126969276974198
"68","423A00/US","3219A0/US",0.000126299011187429
"1436","221100/US","326120/US",0.000125913414979615
"419","561700/US","332119/US",0.000125679675088552
"404","524200/US","332119/US",0.000125599860217684
"360","33291A/US","332119/US",0.000125319144526702
"376","325211/US","332119/US",0.000125141929006878
"269","325510/US","332114/US",0.000124392801229545
"1321","221100/US","322230/US",0.000124228533030011
"904","423800/US","332999/US",0.000123585530516834
"719","332500/US","332720/US",0.000123185361807337
"795","423600/US","332800/US",0.000122715585488016
"655","523A00/US","332600/US",0.000122192162852446
"973","33131B/US","333514/US",0.000121770628320396
"736","484000/US","332720/US",0.000120975748356377
"396","517110/US","332119/US",0.000120077256063961
"267","322210/US","332114/US",0.0001200633125775
"225","332999/US","331520/US",0.000119999044098311
"293","550000/US","332114/US",0.000118498960381934
"613","331420/US","332600/US",0.000118114530199866
"563","221100/US","332430/US",0.000117883693893971
"1128","423100/US","336320/US",0.000117683114723641
"612","33131B/US","332600/US",0.000115908686366314
"128","531ORE/US","331200/US",0.000115759934600094
"486","332720/US","332320/US",0.0001154993298665
"390","481000/US","332119/US",0.000114929643876495
"780","334413/US","332800/US",0.000114922824952263
"921","541100/US","332999/US",0.000114900425205663
"232","423A00/US","331520/US",0.000113431737514626
"847","423A00/US","332996/US",0.00011294777182962
"146","423A00/US","331313/US",0.000112897658282318
"872","331420/US","332999/US",0.000112515453378023
"1432","326110/US","326110/US",0.000112247805241814
"874","331510/US","332999/US",0.000112040642969151
"652","518200/US","332600/US",0.000111850831404301
"46","484000/US","321910/US",0.000111473455827089
"520","331420/US","332420/US",0.000111191847116254
"1498","325190/US","326150/US",0.000110598652324337
"354","332320/US","332119/US",0.000109998288787689
"1303","484000/US","322210/US",0.00010981659036513
"1260","423100/US","3363A0/US",0.000109269911342115
"1383","423A00/US","322299/US",0.000109071634059665
"885","333511/US","332999/US",0.000108821717385407
"732","423800/US","332720/US",0.000108809904325633
"837","331420/US","332996/US",0.000107963459046661
"660","541100/US","332600/US",0.000107460258527662
"1152","3363A0/US","336350/US",0.000106947782036557
"797","423A00/US","332800/US",0.00010686676392101
"1334","325520/US","322230/US",0.000106841261365146
"786","324110/US","332800/US",0.000106604886213604
"443","331200/US","332310/US",0.000106491161900032
"926","541800/US","332999/US",0.000106308296284569
"264","334413/US","332114/US",0.000105947142240061
"1353","531ORE/US","322230/US",0.000103935207131065
"1371","221100/US","322299/US",0.000103790387725181
"1269","550000/US","3363A0/US",0.000103588502764925
"1400","322120/US","323110/US",0.000103525302615926
"200","331313/US","331490/US",0.000101912599022444
"1127","326190/US","336320/US",0.000100771066279738
"804","484000/US","332800/US",9.93330238738144e-05
"1188","332720/US","336370/US",9.91726613173358e-05
"1124","336390/US","336320/US",9.90800368329894e-05
"1116","33399B/US","336320/US",9.9025038830209e-05
"1248","336320/US","3363A0/US",9.69523107185143e-05
"1482","3252A0/US","326140/US",9.62726593442265e-05
"1402","322220/US","323110/US",9.61801843535476e-05
"1324","332710/US","322230/US",9.57919351072221e-05
"1544","324110/US","562000/US",9.51979273601314e-05
"900","326110/US","332999/US",9.47449039078278e-05
"628","332800/US","332600/US",9.468702495204e-05
"84","484000/US","331110/US",9.45311329163812e-05
"20","325520/US","321200/US",9.44464323136343e-05
"42","325520/US","321910/US",9.42589796122818e-05
"258","332320/US","332114/US",9.42381164851539e-05
"410","541512/US","332119/US",9.42009542236266e-05
"502","531ORE/US","332320/US",9.40982594028437e-05
"352","332200/US","332119/US",9.39103589924326e-05
"355","332430/US","332119/US",9.3900347563276e-05
"337","221200/US","332119/US",9.38838768256142e-05
"361","332991/US","332119/US",9.38687500918925e-05
"1385","424A00/US","322299/US",9.30248013577481e-05
"1251","336390/US","3363A0/US",9.28243477312032e-05
"181","221100/US","331410/US",9.24599761796541e-05
"771","332114/US","332800/US",9.19800420209876e-05
"214","221100/US","331520/US",9.16329594457498e-05
"595","332500/US","332500/US",9.13479250910301e-05
"1533","332320/US","562000/US",9.11739547805272e-05
"1580","811300/US","562000/US",9.10070076857311e-05
"1602","541300/US","GSLGO/US",9.09617479190952e-05
"877","332119/US","332999/US",9.07573841427744e-05
"511","331110/US","332410/US",9.06372291031715e-05
"3","321100/US","321100/US",9.04208984636445e-05
"1072","423A00/US","333613/US",9.02522738294581e-05
"1060","33211A/US","333613/US",9.0122805178082e-05
"1033","423600/US","33351B/US",8.99723224039445e-05
"754","561300/US","332720/US",8.95165934538741e-05
"1388","48A000/US","322299/US",8.94469030918096e-05
"1305","493000/US","322210/US",8.89006515413029e-05
"1488","333613/US","326150/US",8.86546074111601e-05
"203","331490/US","331490/US",8.84669429770807e-05
"452","333517/US","332310/US",8.83814598663865e-05
"608","230301/US","332600/US",8.82663275942079e-05
"19","325211/US","321200/US",8.8210513347016e-05
"664","541800/US","332600/US",8.81891661197306e-05
"545","484000/US","332420/US",8.79885575858479e-05
"193","484000/US","331410/US",8.76947098216729e-05
"80","331410/US","331110/US",8.76480490228648e-05
"915","523A00/US","332999/US",8.67566578071572e-05
"914","52A000/US","332999/US",8.67210860908156e-05
"101","332710/US","331200/US",8.64677478730142e-05
"246","230301/US","332114/US",8.64231752224741e-05
"1345","482000/US","322230/US",8.62961184829869e-05
"657","524200/US","332600/US",8.57344998037475e-05
"1210","336370/US","336390/US",8.56809886920218e-05
"1380","3252A0/US","322299/US",8.55513985216355e-05
"770","331490/US","332800/US",8.5376466640941e-05
"218","331410/US","331520/US",8.53748348770625e-05
"334","561900/US","33211A/US",8.53333447206773e-05
"785","322210/US","332800/US",8.51160761185885e-05
"179","212230/US","331410/US",8.49811294525299e-05
"1448","3259A0/US","326120/US",8.47023989414795e-05
"1608","562000/US","GSLGO/US",8.4422662438563e-05
"1253","339990/US","3363A0/US",8.42003458168816e-05
"654","52A000/US","332600/US",8.4009869986898e-05
"800","424A00/US","332800/US",8.40012138442012e-05
"559","561300/US","332420/US",8.38694070152968e-05
"537","325510/US","332420/US",8.3763483081133e-05
"506","550000/US","332320/US",8.35676742355611e-05
"668","561300/US","332600/US",8.34441233562534e-05
"601","423A00/US","332500/US",8.30483416220176e-05
"1504","326120/US","326150/US",8.27564180131933e-05
"320","484000/US","33211A/US",8.27119139856745e-05
"1586","230301/US","GSLGO/US",8.25246751727342e-05
"380","326190/US","332119/US",8.20708577463176e-05
"643","423600/US","332600/US",8.16094435377003e-05
"1391","531ORE/US","322299/US",8.12155195895926e-05
"1597","523900/US","GSLGO/US",8.10752172358924e-05
"622","332320/US","332600/US",8.09535916479398e-05
"839","33211A/US","332996/US",8.05315403084733e-05
"1389","493000/US","322299/US",8.02928757374921e-05
"1032","335314/US","33351B/US",8.02287013362199e-05
"1453","424200/US","326120/US",7.98778092912233e-05
"260","332710/US","332114/US",7.97363655934387e-05
"102","332720/US","331200/US",7.96945346922704e-05
"1308","531ORE/US","322210/US",7.96850849730784e-05
"1302","482000/US","322210/US",7.95967103756692e-05
"552","531ORE/US","332420/US",7.9346194958833e-05
"993","423A00/US","333514/US",7.9328342349104e-05
"558","550000/US","332420/US",7.91261151465352e-05
"412","541300/US","332119/US",7.89969689331176e-05
"349","332114/US","332119/US",7.89217140308681e-05
"1387","484000/US","322299/US",7.88041741537487e-05
"1361","561300/US","322230/US",7.87061383722837e-05
"1057","331420/US","333613/US",7.84849698380573e-05
"888","334413/US","332999/US",7.847897890119e-05
"898","325211/US","332999/US",7.77511061194397e-05
"276","482000/US","332114/US",7.68905069094663e-05
"521","331510/US","332420/US",7.68600158826769e-05
"721","332710/US","332720/US",7.65161627602779e-05
"498","484000/US","332320/US",7.64681439866417e-05
"219","331420/US","331520/US",7.58152851130407e-05
"1243","33399B/US","3363A0/US",7.56153732213473e-05
"1272","331110/US","336500/US",7.55876022939667e-05
"1194","326190/US","336370/US",7.53791919405923e-05
"175","561300/US","33131B/US",7.52337452901135e-05
"488","334413/US","332320/US",7.48369106458417e-05
"617","332114/US","332600/US",7.45208226686231e-05
"1355","541100/US","322230/US",7.37983738412912e-05
"1114","331520/US","336320/US",7.36725548076689e-05
"873","331490/US","332999/US",7.36599754609913e-05
"1034","423800/US","33351B/US",7.35563241977231e-05
"340","327910/US","332119/US",7.3541451363661e-05
"957","331110/US","333511/US",7.34618484467611e-05
"1284","221100/US","322210/US",7.34294695088518e-05
"1450","326120/US","326120/US",7.33849636209167e-05
"890","334513/US","332999/US",7.32915572459205e-05
"666","5419A0/US","332600/US",7.30005337930052e-05
"699","531ORE/US","332710/US",7.29499267861124e-05
"774","332720/US","332800/US",7.29449321660008e-05
"716","331520/US","332720/US",7.29198118429569e-05
"703","561300/US","332710/US",7.28606936960773e-05
"1174","423100/US","336360/US",7.28162194689463e-05
"955","550000/US","333414/US",7.24149476450942e-05
"1183","33131B/US","336370/US",7.23193729700693e-05
"964","33351B/US","333511/US",7.2303949714185e-05
"144","33131B/US","331313/US",7.20854869612972e-05
"460","484000/US","332310/US",7.16254009326244e-05
"1555","48A000/US","562000/US",7.11668101103756e-05
"1239","332720/US","3363A0/US",7.11470678229457e-05
"241","550000/US","331520/US",7.10530139775706e-05
"1200","550000/US","336370/US",7.09454223589874e-05
"1151","336390/US","336350/US",7.0744294774279e-05
"1434","424A00/US","326110/US",7.07175556883058e-05
"1593","517210/US","GSLGO/US",7.06457299965435e-05
"541","423800/US","332420/US",7.06197028628921e-05
"529","33291A/US","332420/US",7.0496038182391e-05
"464","531ORE/US","332310/US",7.0004604948784e-05
"206","484000/US","331490/US",6.98401805102021e-05
"1475","424A00/US","326130/US",6.97407121958357e-05
"1220","423100/US","336390/US",6.96904741210765e-05
"739","518200/US","332720/US",6.95295254674018e-05
"741","523A00/US","332720/US",6.93896054132425e-05
"96","331490/US","331200/US",6.93741753396999e-05
"714","331490/US","332720/US",6.93273533401376e-05
"231","423800/US","331520/US",6.91963129458642e-05
"1326","332800/US","322230/US",6.91114320026292e-05
"644","423800/US","332600/US",6.90326073518326e-05
"281","52A000/US","332114/US",6.89361240431112e-05
"507","561300/US","332320/US",6.85830263394156e-05
"1266","484000/US","3363A0/US",6.85309960511901e-05
"126","523A00/US","331200/US",6.8143571957122e-05
"362","332999/US","332119/US",6.81053611917529e-05
"283","524200/US","332114/US",6.80392667329333e-05
"426","721000/US","332119/US",6.78850879691207e-05
"403","5241XX/US","332119/US",6.77887642342428e-05
"725","333514/US","332720/US",6.77712333341041e-05
"400","522A00/US","332119/US",6.7757727523803e-05
"430","811200/US","332119/US",6.77249728343115e-05
"538","3259A0/US","332420/US",6.76997276919181e-05
"414","541700/US","332119/US",6.74038200297795e-05
"1600","541512/US","GSLGO/US",6.73454984074524e-05
"1563","532100/US","562000/US",6.72526095421653e-05
"516","221100/US","332420/US",6.71712564447625e-05
"1295","325520/US","322210/US",6.71374418198308e-05
"913","518200/US","332999/US",6.69991495190403e-05
"61","3219A0/US","3219A0/US",6.69186825218437e-05
"1594","518200/US","GSLGO/US",6.68686409103173e-05
"469","550000/US","332310/US",6.63816907242026e-05
"47","48A000/US","321910/US",6.6310388918224e-05
"1457","493000/US","326120/US",6.62823995097404e-05
"778","333994/US","332800/US",6.61148308421389e-05
"696","423A00/US","332710/US",6.60382907825066e-05
"1053","221100/US","333613/US",6.56440618037029e-05
"524","33211A/US","332420/US",6.54601867402819e-05
"280","518200/US","332114/US",6.53336817390219e-05
"1167","316000/US","336360/US",6.53333043748039e-05
"935","S00300/US","332999/US",6.52165138455957e-05
"1027","334220/US","33351B/US",6.51955532204179e-05
"1561","5241XX/US","562000/US",6.50679809287621e-05
"727","334413/US","332720/US",6.48067420757122e-05
"242","561300/US","331520/US",6.45927646977587e-05
"663","541300/US","332600/US",6.42964400386962e-05
"641","326190/US","332600/US",6.41238416600894e-05
"1004","331110/US","333517/US",6.39572110704839e-05
"1559","518200/US","562000/US",6.36554270394413e-05
"1061","332710/US","333613/US",6.3556094922413e-05
"892","335920/US","332999/US",6.35077036034316e-05
"684","331520/US","332710/US",6.34926080305548e-05
"1147","332114/US","336350/US",6.31685634011961e-05
"59","321200/US","3219A0/US",6.31186919513825e-05
"1223","423A00/US","336390/US",6.29899923037282e-05
"992","423800/US","333514/US",6.28761782343664e-05
"865","230301/US","332999/US",6.26325574795152e-05
"397","517210/US","332119/US",6.2620940388503e-05
"27","221100/US","321910/US",6.25031123787992e-05
"271","423600/US","332114/US",6.24465568072651e-05
"1581","811400/US","562000/US",6.21272987026272e-05
"702","550000/US","332710/US",6.21060594449656e-05
"245","221200/US","332114/US",6.20314198800723e-05
"1443","322210/US","326120/US",6.19398329233904e-05
"62","336390/US","3219A0/US",6.19376492164703e-05
"629","33291A/US","332600/US",6.19308686867445e-05
"1455","482000/US","326120/US",6.18771733302201e-05
"1205","332720/US","336390/US",6.16649791779604e-05
"930","561300/US","332999/US",6.13986904465275e-05
"449","332720/US","332310/US",6.13934883022561e-05
"114","326110/US","331200/US",6.13635014706697e-05
"1456","484000/US","326120/US",6.13028743447278e-05
"1363","313200/US","322291/US",6.1294506999765e-05
"121","482000/US","331200/US",6.08653925332492e-05
"899","325520/US","332999/US",6.06171088887164e-05
"784","336390/US","332800/US",6.05003825622031e-05
"646","424A00/US","332600/US",6.04130178126355e-05
"747","541100/US","332720/US",5.99123387368282e-05
"708","230301/US","332720/US",5.97558582512182e-05
"223","332710/US","331520/US",5.96745687851397e-05
"886","333517/US","332999/US",5.96704021588049e-05
"1492","311221/US","326150/US",5.95441393060024e-05
"108","335920/US","331200/US",5.95320617923977e-05
"781","334418/US","332800/US",5.93788859791508e-05
"9","221100/US","321200/US",5.93155235526673e-05
"158","334413/US","33131B/US",5.91131993497003e-05
"484","332500/US","332320/US",5.87622213161706e-05
"909","482000/US","332999/US",5.86577618636105e-05
"195","212230/US","331490/US",5.85185971734813e-05
"925","541300/US","332999/US",5.84025775465851e-05
"1043","541511/US","33351B/US",5.82364886466472e-05
"1560","52A000/US","562000/US",5.81498947299953e-05
"184","331490/US","331410/US",5.80662494512815e-05
"75","2122A0/US","331110/US",5.79119797367751e-05
"483","332320/US","332320/US",5.78380112452245e-05
"374","324110/US","332119/US",5.77116189417197e-05
"220","331490/US","331520/US",5.76550129861853e-05
"1062","332720/US","333613/US",5.75743248700609e-05
"1021","331510/US","33351B/US",5.75737375822904e-05
"329","550000/US","33211A/US",5.74955660277918e-05
"1192","336370/US","336370/US",5.74866934340505e-05
"429","811100/US","332119/US",5.74807578477729e-05
"740","52A000/US","332720/US",5.74438601221201e-05
"422","561500/US","332119/US",5.69986298816871e-05
"1522","325190/US","326160/US",5.69561391993711e-05
"970","221100/US","333514/US",5.69355808529987e-05
"1051","423800/US","333612/US",5.67480366626058e-05
"332","561400/US","33211A/US",5.67235768473666e-05
"1100","336350/US","336310/US",5.65843983994369e-05
"1131","423A00/US","336320/US",5.65230319608759e-05
"1270","336412/US","336412/US",5.64856399780655e-05
"999","531ORE/US","333514/US",5.63865451143428e-05
"531","33351B/US","332420/US",5.60506974720361e-05
"124","518200/US","331200/US",5.60480621177653e-05
"1095","331520/US","336310/US",5.5821333507948e-05
"1293","322210/US","322210/US",5.57509096473247e-05
"659","533000/US","332600/US",5.57303853876735e-05
"1013","550000/US","333517/US",5.55949822209356e-05
"883","332800/US","332999/US",5.55837624661077e-05
"474","561900/US","332310/US",5.55156353723267e-05
"614","331490/US","332600/US",5.54994648808925e-05
"893","336390/US","332999/US",5.54931415552903e-05
"1201","331110/US","336390/US",5.53943540887586e-05
"1500","3252A0/US","326150/US",5.53637366421285e-05
"867","327910/US","332999/US",5.52438767018556e-05
"1411","424A00/US","323110/US",5.521002953e-05
"1121","335930/US","336320/US",5.51667984544611e-05
"1407","325910/US","323110/US",5.51173667003337e-05
"76","221100/US","331110/US",5.51031331017457e-05
"954","423A00/US","333414/US",5.50857113798126e-05
"862","212230/US","332999/US",5.49969481701672e-05
"48","493000/US","321910/US",5.498424954767e-05
"490","325190/US","332320/US",5.47961694909605e-05
"812","541100/US","332800/US",5.4785333947838e-05
"1485","424A00/US","326140/US",5.4581441086464e-05
"265","334418/US","332114/US",5.45234065972497e-05
"1073","484000/US","333613/US",5.44162126867222e-05
"297","811300/US","332114/US",5.42587931669182e-05
"906","424A00/US","332999/US",5.41935546015198e-05
"676","811300/US","332600/US",5.38371798076559e-05
"896","324110/US","332999/US",5.37479881368755e-05
"1606","561700/US","GSLGO/US",5.37054854448105e-05
"211","423A00/US","331510/US",5.36713187051022e-05
"1148","333612/US","336350/US",5.35865997049537e-05
"950","333414/US","333414/US",5.34407800097114e-05
"444","33131B/US","332310/US",5.34003456891616e-05
"1262","423800/US","3363A0/US",5.32714942740441e-05
"1372","332710/US","322299/US",5.31968771264966e-05
"637","3259A0/US","332600/US",5.31962455003455e-05
"1502","3259A0/US","326150/US",5.2703451746643e-05
"157","332800/US","33131B/US",5.26605025627279e-05
"807","518200/US","332800/US",5.26260544323337e-05
"1238","332710/US","3363A0/US",5.25707312949413e-05
"407","532400/US","332119/US",5.25217729942325e-05
"413","541610/US","332119/US",5.23266519243503e-05
"887","33399B/US","332999/US",5.22009617175182e-05
"1014","221100/US","33351B/US",5.20658052794686e-05
"611","331313/US","332600/US",5.17247328569296e-05
"85","212230/US","331200/US",5.16523956677522e-05
"764","230301/US","332800/US",5.15815771616832e-05
"965","326190/US","333511/US",5.15677094834605e-05
"1126","325211/US","336320/US",5.15069900263853e-05
"876","33211A/US","332999/US",5.14544644663723e-05
"928","5419A0/US","332999/US",5.12111099313854e-05
"88","230301/US","331200/US",5.10597553583713e-05
"1020","331490/US","33351B/US",5.10258578731576e-05
"1265","441000/US","3363A0/US",5.09174850985162e-05
"1145","331510/US","336350/US",5.0688963540782e-05
"1487","333415/US","326150/US",5.06254765678393e-05
"939","336320/US","333111/US",5.04864008221903e-05
"1031","335312/US","33351B/US",5.03382730074834e-05
"1134","484000/US","336320/US",5.02316898863004e-05
"137","561300/US","331200/US",5.00302435989027e-05
"701","541511/US","332710/US",5.0026219488155e-05
"779","33399A/US","332800/US",4.98492615090326e-05
"445","331420/US","332310/US",4.98394994416229e-05
"569","332114/US","332430/US",4.9808283084091e-05
"1187","332710/US","336370/US",4.97580352176227e-05
"938","333111/US","333111/US",4.97210943593354e-05
"1568","541300/US","562000/US",4.96697029431555e-05
"1041","531ORE/US","33351B/US",4.96612691106499e-05
"1052","550000/US","333612/US",4.96291192583695e-05
"209","331110/US","331510/US",4.95877702478206e-05
"677","S00300/US","332600/US",4.95805825852756e-05
"651","517110/US","332600/US",4.92436288573924e-05
"1007","33351B/US","333517/US",4.92325302959354e-05
"1022","331520/US","33351B/US",4.91893175276464e-05
"832","423800/US","332991/US",4.90931130610259e-05
"1335","325910/US","322230/US",4.90654109894934e-05
"333","561600/US","33211A/US",4.90538857513857e-05
"262","332800/US","332114/US",4.9034603813637e-05
"796","423800/US","332800/US",4.90165997170666e-05
"762","221200/US","332800/US",4.89506581272097e-05
"688","332720/US","332710/US",4.89412737003821e-05
"1382","326110/US","322299/US",4.88302381219108e-05
"596","332710/US","332500/US",4.88095318982237e-05
"1199","484000/US","336370/US",4.87824457349063e-05
"45","482000/US","321910/US",4.87548443950311e-05
"573","334413/US","332430/US",4.86809603371299e-05
"1352","524200/US","322230/US",4.86286593559017e-05
"789","325190/US","332800/US",4.86120401795506e-05
"1415","531ORE/US","323110/US",4.8509115552757e-05
"1244","334413/US","3363A0/US",4.84498914791066e-05
"829","331110/US","332991/US",4.84046459456114e-05
"682","33131B/US","332710/US",4.80769827114584e-05
"103","332800/US","331200/US",4.77722637994317e-05
"294","561300/US","332114/US",4.76431378231435e-05
"985","334413/US","333514/US",4.75202659544222e-05
"1460","531ORE/US","326120/US",4.74632022193777e-05
"369","335314/US","332119/US",4.73877847330561e-05
"686","332310/US","332710/US",4.73868920459978e-05
"619","332119/US","332600/US",4.73654562939689e-05
"631","332999/US","332600/US",4.73015255505966e-05
"1350","52A000/US","322230/US",4.7203855284607e-05
"533","334413/US","332420/US",4.71562736913053e-05
"125","52A000/US","331200/US",4.71231405304042e-05
"425","562000/US","332119/US",4.7045549346153e-05
"1579","811200/US","562000/US",4.6977022795467e-05
"389","441000/US","332119/US",4.69752685407172e-05
"1392","541100/US","322299/US",4.69207673649084e-05
"375","324190/US","332119/US",4.69188674836505e-05
"978","332710/US","333514/US",4.68995338538999e-05
"1430","325190/US","326110/US",4.68653892650231e-05
"1089","333618/US","333618/US",4.67056656977549e-05
"1311","550000/US","322210/US",4.66501146927263e-05
"299","S00300/US","332114/US",4.66273630563303e-05
"894","322130/US","332999/US",4.65889463684469e-05
"767","331313/US","332800/US",4.64611578859693e-05
"1035","423A00/US","33351B/US",4.63683425255094e-05
"687","332710/US","332710/US",4.63204921694639e-05
"550","523A00/US","332420/US",4.63010518809877e-05
"56","113000/US","3219A0/US",4.62694727323999e-05
"720","332600/US","332720/US",4.6256619903714e-05
"169","523A00/US","33131B/US",4.6221602715708e-05
"1549","423800/US","562000/US",4.62210243306537e-05
"1177","424A00/US","336360/US",4.61117562143044e-05
"127","524200/US","331200/US",4.61011506245491e-05
"1510","423A00/US","326150/US",4.6064914864986e-05
"1286","332710/US","322210/US",4.60518281642942e-05
"189","322130/US","331410/US",4.60398717795924e-05
"621","332310/US","332600/US",4.60024898303536e-05
"1375","313300/US","322299/US",4.57740463282921e-05
"456","3259A0/US","332310/US",4.57679578711057e-05
"1359","541800/US","322230/US",4.55831858541932e-05
"477","327200/US","332320/US",4.55489960387596e-05
"526","332710/US","332420/US",4.55273513286138e-05
"1328","313300/US","322230/US",4.55255530265909e-05
"851","531ORE/US","332996/US",4.55127455656432e-05
"1113","331510/US","336320/US",4.54200425685034e-05
"854","331420/US","33299A/US",4.52699725440459e-05
"593","331490/US","332500/US",4.52331936247261e-05
"51","531ORE/US","321910/US",4.52287502591331e-05
"116","423600/US","331200/US",4.52255623472381e-05
"32","327200/US","321910/US",4.51160643155325e-05
"960","331520/US","333511/US",4.50930434675381e-05
"1066","333618/US","333613/US",4.48557485212674e-05
"1479","322210/US","326140/US",4.4842541678615e-05
"842","33291A/US","332996/US",4.47594398587259e-05
"83","482000/US","331110/US",4.4642150311934e-05
"448","332710/US","332310/US",4.45957235059424e-05
"274","424A00/US","332114/US",4.45512217009301e-05
"981","333511/US","333514/US",4.45265619801634e-05
"1384","424200/US","322299/US",4.45184766415634e-05
"24","484000/US","321200/US",4.44629331233896e-05
"1545","325190/US","562000/US",4.4422728010092e-05
"1290","322110/US","322210/US",4.43504242355376e-05
"250","331490/US","332114/US",4.40862216840921e-05
"1446","325190/US","326120/US",4.40487868497604e-05
"808","52A000/US","332800/US",4.4014850075662e-05
"889","334418/US","332999/US",4.40093292366941e-05
"1505","326150/US","326150/US",4.39969155842795e-05
"1189","332800/US","336370/US",4.39871353533489e-05
"1241","33291A/US","3363A0/US",4.39062774568264e-05
"476","221100/US","332320/US",4.38920809914404e-05
"134","541800/US","331200/US",4.38466238548074e-05
"678","221100/US","332710/US",4.36983068529562e-05
"1550","423A00/US","562000/US",4.36218828740956e-05
"310","333514/US","33211A/US",4.34712608414385e-05
"70","484000/US","3219A0/US",4.32127622864709e-05
"1090","336310/US","333618/US",4.3209820811678e-05
"589","550000/US","332430/US",4.32024900796297e-05
"233","484000/US","331520/US",4.31799348488398e-05
"282","523A00/US","332114/US",4.31558007852259e-05
"1217","326190/US","336390/US",4.31549753425776e-05
"287","541100/US","332114/US",4.31506542204487e-05
"302","230301/US","33211A/US",4.31059626772824e-05
"669","561700/US","332600/US",4.30537228164637e-05
"1401","322210/US","323110/US",4.29757005201495e-05
"1130","423800/US","336320/US",4.29652614397924e-05
"1142","561300/US","336320/US",4.29554570420872e-05
"661","541512/US","332600/US",4.29018117000485e-05
"994","484000/US","333514/US",4.28634910689726e-05
"130","541100/US","331200/US",4.28633470317299e-05
"1281","331110/US","337215/US",4.2823862138594e-05
"620","332200/US","332600/US",4.27101718524759e-05
"691","33351B/US","332710/US",4.27085419101667e-05
"1289","336390/US","322210/US",4.2574162451613e-05
"642","326290/US","332600/US",4.24659928303767e-05
"751","541800/US","332720/US",4.24063682077196e-05
"603","550000/US","332500/US",4.2161773647801e-05
"1386","482000/US","322299/US",4.21558829097769e-05
"825","33291A/US","33291A/US",4.21276647651903e-05
"257","332310/US","332114/US",4.20726726878683e-05
"1222","423800/US","336390/US",4.20697267441116e-05
"975","331510/US","333514/US",4.20293538108719e-05
"95","331420/US","331200/US",4.20248848605736e-05
"1408","326110/US","323110/US",4.2010383917393e-05
"93","33131B/US","331200/US",4.20065125332171e-05
"18","324110/US","321200/US",4.19698838605258e-05
"944","423800/US","333111/US",4.1962090397786e-05
"201","33131B/US","331490/US",4.19489477878985e-05
"1464","550000/US","326120/US",4.19422004376722e-05
"963","333514/US","333511/US",4.18798751275797e-05
"1419","322120/US","323120/US",4.18692505662101e-05
"1163","332119/US","336360/US",4.18163962486208e-05
"432","S00203/US","332119/US",4.17518242552956e-05
"1598","531ORE/US","GSLGO/US",4.1732113041466e-05
"398","517A00/US","332119/US",4.16706846926986e-05
"590","S00300/US","332430/US",4.16300811341619e-05
"439","221100/US","332310/US",4.16009103656962e-05
"1137","541100/US","336320/US",4.15264532028e-05
"473","561600/US","332310/US",4.13190556483528e-05
"859","322210/US","33299A/US",4.13003922309918e-05
"912","517110/US","332999/US",4.11972625092528e-05
"535","336390/US","332420/US",4.10304701062994e-05
"1592","517110/US","GSLGO/US",4.09294816106423e-05
"787","325120/US","332800/US",4.09226311509619e-05
"1546","325610/US","562000/US",4.08685961236256e-05
"1348","518200/US","322230/US",4.08432047008054e-05
"1","331110/US","233230/US",4.07791768829123e-05
"1441","33329A/US","326120/US",4.07279620230714e-05
"1110","331110/US","336320/US",4.05977467644574e-05
"1564","532400/US","562000/US",4.05727063014271e-05
"174","550000/US","33131B/US",4.05013150041565e-05
"752","5419A0/US","332720/US",4.04721927449235e-05
"597","332720/US","332500/US",4.02853506334296e-05
"1511","424200/US","326150/US",4.02620346036213e-05
"1179","550000/US","336360/US",4.01707349992481e-05
"1458","52A000/US","326120/US",4.01389565115118e-05
"160","322210/US","33131B/US",4.01259011763569e-05
"979","332720/US","333514/US",4.01176300101926e-05
"268","324110/US","332114/US",4.00722575308343e-05
"307","332710/US","33211A/US",4.00635087343029e-05
"587","531ORE/US","332430/US",3.99708055297877e-05
"731","423600/US","332720/US",3.98482014725482e-05
"920","533000/US","332999/US",3.98053916199842e-05
"1277","314900/US","336500/US",3.97937976358634e-05
"1399","315000/US","323110/US",3.97839288308055e-05
"1149","33441A/US","336350/US",3.97796693516819e-05
"1524","326110/US","326160/US",3.97611538885262e-05
"911","493000/US","332999/US",3.97229737017874e-05
"532","33399A/US","332420/US",3.97166864043669e-05
"117","423800/US","331200/US",3.97101563740059e-05
"1001","541511/US","333514/US",3.96103872064586e-05
"224","332800/US","331520/US",3.95236158180611e-05
"326","531ORE/US","33211A/US",3.95212667410119e-05
"809","523A00/US","332800/US",3.94658624651538e-05
"632","334413/US","332600/US",3.93542333632134e-05
"1445","325180/US","326120/US",3.93310496328335e-05
"549","52A000/US","332420/US",3.92006964388628e-05
"155","331420/US","33131B/US",3.90476373014316e-05
"67","326190/US","3219A0/US",3.89859159097214e-05
"1582","S00203/US","562000/US",3.89481887910024e-05
"1515","484000/US","326150/US",3.88898732451969e-05
"1161","321200/US","336360/US",3.88499870032158e-05
"765","327910/US","332800/US",3.881012764511e-05
"457","423800/US","332310/US",3.87570167449443e-05
"33","327993/US","321910/US",3.87452719082595e-05
"650","493000/US","332600/US",3.87086033195496e-05
"291","541800/US","332114/US",3.86888723013868e-05
"472","561400/US","332310/US",3.86692596015354e-05
"790","325211/US","332800/US",3.84626383784902e-05
"934","811300/US","332999/US",3.84385202440258e-05
"1519","531ORE/US","326150/US",3.82362941811626e-05
"555","541300/US","332420/US",3.81946403195102e-05
"1279","423A00/US","336500/US",3.81827476494123e-05
"1506","326220/US","326150/US",3.80420890010568e-05
"252","331520/US","332114/US",3.80107918875085e-05
"1578","811100/US","562000/US",3.78855047612724e-05
"536","322210/US","332420/US",3.78582150621044e-05
"182","327100/US","331410/US",3.77644538381069e-05
"1136","531ORE/US","336320/US",3.7731586172653e-05
"852","550000/US","332996/US",3.77096790136061e-05
"1323","3219A0/US","322230/US",3.7635854119806e-05
"135","5419A0/US","331200/US",3.75853834437704e-05
"41","3252A0/US","321910/US",3.75782513934407e-05
"1396","221100/US","323110/US",3.75694586763776e-05
"1294","324110/US","322210/US",3.75535241940632e-05
"1082","561300/US","333613/US",3.75481718306566e-05
"1275","332720/US","336500/US",3.75389357039554e-05
"592","33131B/US","332500/US",3.74494821275863e-05
"759","811300/US","332720/US",3.74333726297282e-05
"1229","221100/US","3363A0/US",3.72458167489254e-05
"1530","221100/US","562000/US",3.71843642872583e-05
"1024","333517/US","33351B/US",3.7153935830446e-05
"1196","423800/US","336370/US",3.71456821266856e-05
"7","423A00/US","321100/US",3.71135216440804e-05
"547","518200/US","332420/US",3.70952171699929e-05
"1509","423800/US","326150/US",3.70774391668938e-05
"959","331510/US","333511/US",3.70610701795858e-05
"1236","332114/US","3363A0/US",3.70412896061063e-05
"581","424A00/US","332430/US",3.69501687407614e-05
"923","541512/US","332999/US",3.69336185184867e-05
"406","532100/US","332119/US",3.67464738849961e-05
"1525","424A00/US","326160/US",3.67394859945441e-05
"662","541200/US","332600/US",3.6645203407161e-05
"1373","332800/US","322299/US",3.65870070315761e-05
"338","221300/US","332119/US",3.65275587653071e-05
"848","484000/US","332996/US",3.64686489618179e-05
"1287","332800/US","322210/US",3.64412877589858e-05
"461","518200/US","332310/US",3.63975241440689e-05
"512","33131B/US","332410/US",3.63025907537118e-05
"827","423A00/US","33291A/US",3.62770364478668e-05
"554","541100/US","332420/US",3.6229251755537e-05
"958","33131B/US","333511/US",3.62206972605826e-05
"1358","541300/US","322230/US",3.62084428564601e-05
"871","331410/US","332999/US",3.61516152202028e-05
"133","541300/US","331200/US",3.59463783961393e-05
"758","561900/US","332720/US",3.59175287371668e-05
"1538","333613/US","562000/US",3.58968490991709e-05
"1154","423100/US","336350/US",3.58842190939616e-05
"1595","522A00/US","GSLGO/US",3.58729035964539e-05
"1307","52A000/US","322210/US",3.58715681805311e-05
"1480","325180/US","326140/US",3.58038087167681e-05
"709","327910/US","332720/US",3.56509629950612e-05
"237","524200/US","331520/US",3.55937409498037e-05
"1531","221300/US","562000/US",3.55885748349561e-05
"931","561700/US","332999/US",3.55444902228473e-05
"1514","482000/US","326150/US",3.55428658247239e-05
"924","541200/US","332999/US",3.55151548284084e-05
"1172","326150/US","336360/US",3.54462979510924e-05
"1501","325520/US","326150/US",3.54174695815033e-05
"976","331520/US","333514/US",3.53401037600093e-05
"974","331490/US","333514/US",3.53165173375336e-05
"977","332119/US","333514/US",3.52693094247151e-05
"86","2122A0/US","331200/US",3.51675674761139e-05
"1469","325180/US","326130/US",3.51010922423033e-05
"1494","322220/US","326150/US",3.50654434751168e-05
"1406","325190/US","323110/US",3.50457678608036e-05
"1421","322220/US","323120/US",3.4995932704918e-05
"1246","33441A/US","3363A0/US",3.49881167851611e-05
"1417","561300/US","323110/US",3.47478327878334e-05
"1459","524200/US","326120/US",3.46729639914695e-05
"1261","423600/US","3363A0/US",3.45293414316158e-05
"236","523A00/US","331520/US",3.44968500606072e-05
"187","334413/US","331410/US",3.44454640763756e-05
"647","481000/US","332600/US",3.44431229168459e-05
"1036","484000/US","33351B/US",3.43712903946684e-05
"1219","326290/US","336390/US",3.43360498706192e-05
"1047","333611/US","333611/US",3.42027434665632e-05
"1474","326130/US","326130/US",3.40726771197106e-05
"54","541800/US","321910/US",3.40380332166214e-05
"639","326120/US","332600/US",3.4011475239728e-05
"2","113000/US","321100/US",3.38677008478172e-05
"438","550000/US","332200/US",3.386431738139e-05
"1274","332600/US","336500/US",3.38301645197679e-05
"1534","333120/US","562000/US",3.37633068050154e-05
"210","331410/US","331510/US",3.37409149539503e-05
"1599","541100/US","GSLGO/US",3.37152414559465e-05
"168","52A000/US","33131B/US",3.36814335826718e-05
"1086","331510/US","333618/US",3.36497445803108e-05
"750","541300/US","332720/US",3.36367312166507e-05
"1158","441000/US","336350/US",3.36174815762612e-05
"729","322210/US","332720/US",3.36049825675803e-05
"1169","3252A0/US","336360/US",3.35991821182116e-05
"272","423800/US","332114/US",3.35850006174016e-05
"199","331110/US","331490/US",3.35475447109743e-05
"1553","481000/US","562000/US",3.33446247845299e-05
"1539","333920/US","562000/US",3.33365983461835e-05
"984","33399B/US","333514/US",3.3253848619047e-05
"1314","322120/US","322220/US",3.32002234387577e-05
"953","325510/US","333414/US",3.31947455944788e-05
"1040","524200/US","33351B/US",3.31142967631998e-05
"834","221100/US","332996/US",3.31004959651174e-05
"543","424A00/US","332420/US",3.3098828812703e-05
"1542","336390/US","562000/US",3.29804385438967e-05
"895","322210/US","332999/US",3.29591159003878e-05
"1104","423100/US","336310/US",3.28801759981803e-05
"1521","221100/US","326160/US",3.28763652998471e-05
"1042","541100/US","33351B/US",3.2851380667772e-05
"875","331520/US","332999/US",3.28353782042528e-05
"917","524200/US","332999/US",3.27936928097897e-05
"1203","331520/US","336390/US",3.27525285277984e-05
"864","221200/US","332999/US",3.26495297258056e-05
"1306","518200/US","322210/US",3.26396058318622e-05
"165","482000/US","33131B/US",3.26230356989237e-05
"968","531ORE/US","333511/US",3.25671654751968e-05
"814","541800/US","332800/US",3.23704538057398e-05
"578","423600/US","332430/US",3.23545243351019e-05
"1180","221100/US","336370/US",3.23331479585437e-05
"119","424A00/US","331200/US",3.23016734111599e-05
"266","335314/US","332114/US",3.22257871739409e-05
"607","221200/US","332600/US",3.22006223400103e-05
"819","811300/US","332800/US",3.21451728110913e-05
"1242","332991/US","3363A0/US",3.21170025012491e-05
"1166","313300/US","336360/US",3.20770160379333e-05
"746","533000/US","332720/US",3.20569151632962e-05
"1573","561700/US","562000/US",3.20439032308164e-05
"755","561700/US","332720/US",3.20254700289608e-05
"648","482000/US","332600/US",3.19012093878517e-05
"742","524200/US","332720/US",3.18834303160874e-05
"1103","3363A0/US","336310/US",3.18037344591432e-05
"1428","221100/US","326110/US",3.16581909606053e-05
"748","541512/US","332720/US",3.1628596102872e-05
"879","332320/US","332999/US",3.15718625048319e-05
"1340","423800/US","322230/US",3.1539847039391e-05
"197","221100/US","331490/US",3.15358047893489e-05
"680","331200/US","332710/US",3.15281600381636e-05
"1337","326120/US","322230/US",3.1454119844477e-05
"1507","423400/US","326150/US",3.14476947944984e-05
"1109","221100/US","336320/US",3.14372402869913e-05
"386","424200/US","332119/US",3.14175190651893e-05
"1327","334418/US","322230/US",3.14161474676217e-05
"140","811300/US","331200/US",3.14091617781296e-05
"952","322210/US","333414/US",3.13926938281944e-05
"427","722110/US","332119/US",3.13690982616678e-05
"428","722211/US","332119/US",3.13440931312287e-05
"394","485000/US","332119/US",3.1313729249565e-05
"92","331313/US","331200/US",3.1308303411698e-05
"1517","493000/US","326150/US",3.12625394226478e-05
"39","336390/US","321910/US",3.12537125918546e-05
"962","333511/US","333511/US",3.12522402483688e-05
"1569","541610/US","562000/US",3.11364467164826e-05
"1150","336320/US","336350/US",3.11013720266998e-05
"922","541511/US","332999/US",3.10931606242082e-05
"1486","221100/US","326150/US",3.10534070293474e-05
"504","541300/US","332320/US",3.1050072809756e-05
"562","561900/US","332420/US",3.10476282488216e-05
"1312","561700/US","322210/US",3.10435992726885e-05
"820","812300/US","332800/US",3.10408939196228e-05
"1206","333613/US","336390/US",3.10227625584161e-05
"1214","325211/US","336390/US",3.09903369301017e-05
"635","322210/US","332600/US",3.08864733839951e-05
"1315","322130/US","322220/US",3.08800631520362e-05
"222","332114/US","331520/US",3.08550578948415e-05
"148","212100/US","33131B/US",3.08126642983046e-05
"436","423A00/US","332200/US",3.07774947499312e-05
"728","334418/US","332720/US",3.06739398840696e-05
"551","524200/US","332420/US",3.05875531932255e-05
"818","562000/US","332800/US",3.05743409974553e-05
"1309","541300/US","322210/US",3.05531597338798e-05
"150","230301/US","33131B/US",3.04573550211694e-05
"279","517110/US","332114/US",3.04451664656655e-05
"1067","334413/US","333613/US",3.03548619690975e-05
"1258","326190/US","3363A0/US",3.0351354514067e-05
"323","52A000/US","33211A/US",3.03288250553648e-05
"226","33329A/US","331520/US",3.0312387441991e-05
"295","561700/US","332114/US",3.02885992060856e-05
"482","331510/US","332320/US",3.02396106046064e-05
"496","424A00/US","332320/US",3.01966405024251e-05
"251","331510/US","332114/US",3.0183070182396e-05
"1570","541800/US","562000/US",3.01691305219622e-05
"315","3259A0/US","33211A/US",3.01588815943632e-05
"331","561200/US","33211A/US",3.01474002184186e-05
"162","423600/US","33131B/US",3.00979620308072e-05
"1224","484000/US","336390/US",3.0096156212054e-05
"840","332710/US","332996/US",3.00078604003311e-05
"115","326190/US","331200/US",2.99805491498321e-05
"624","332430/US","332600/US",2.99742443401804e-05
"229","333517/US","331520/US",2.99734848121323e-05
"544","482000/US","332420/US",2.99551390978417e-05
"1102","336390/US","336310/US",2.99064754425739e-05
"1339","423400/US","322230/US",2.98928051695579e-05
"956","221100/US","333511/US",2.98888012263722e-05
"463","523A00/US","332310/US",2.98789640774061e-05
"1146","331520/US","336350/US",2.97370934326212e-05
"503","541100/US","332320/US",2.97014680295726e-05
"1425","531ORE/US","323120/US",2.96482037686549e-05
"71","493000/US","3219A0/US",2.96317762717123e-05
"777","333920/US","332800/US",2.96224718967343e-05
"1565","541100/US","562000/US",2.96178395450776e-05
"902","326220/US","332999/US",2.96160032074925e-05
"1576","721000/US","562000/US",2.94038628068424e-05
"35","332500/US","321910/US",2.93572998277371e-05
"815","5419A0/US","332800/US",2.93514124569986e-05
"585","52A000/US","332430/US",2.93499026574285e-05
"1176","423A00/US","336360/US",2.9307179192483e-05
"1054","230301/US","333613/US",2.93053587273389e-05
"465","541100/US","332310/US",2.92732812462049e-05
"527","332720/US","332420/US",2.9232531358793e-05
"301","221200/US","33211A/US",2.91557000097718e-05
"99","332320/US","331200/US",2.91296596119496e-05
"5","321910/US","321100/US",2.91009981920201e-05
"856","332710/US","33299A/US",2.89417979403885e-05
"290","541300/US","332114/US",2.8914346904082e-05
"1440","332800/US","326120/US",2.89110419338439e-05
"672","561900/US","332600/US",2.88958174826692e-05
"1000","541100/US","333514/US",2.88804830751062e-05
"1019","33131B/US","33351B/US",2.88121057053642e-05
"692","335312/US","332710/US",2.86948852231544e-05
"991","423600/US","333514/US",2.86357810271613e-05
"738","517110/US","332720/US",2.85934027182636e-05
"961","332710/US","333511/US",2.84049630876471e-05
"1381","325520/US","322299/US",2.83840301174209e-05
"1087","331520/US","333618/US",2.82735012536728e-05
"671","561600/US","332600/US",2.82690617315038e-05
"221","331510/US","331520/US",2.82588485773826e-05
"1250","336370/US","3363A0/US",2.8201905457167e-05
"1495","324110/US","326150/US",2.81637337314761e-05
"540","423600/US","332420/US",2.8056872462115e-05
"618","33211A/US","332600/US",2.8056617935087e-05
"74","212100/US","331110/US",2.80348842349801e-05
"52","541100/US","321910/US",2.79763908684252e-05
"1091","326190/US","333618/US",2.7965089394115e-05
"656","5241XX/US","332600/US",2.79452025221279e-05
"110","322210/US","331200/US",2.78623308927139e-05
"855","33211A/US","33299A/US",2.78576015909568e-05
"557","5419A0/US","332420/US",2.77867727572346e-05
"824","331510/US","33291A/US",2.7764175224626e-05
"988","336370/US","333514/US",2.77575099751869e-05
"515","423A00/US","332410/US",2.76836329598865e-05
"454","336390/US","332310/US",2.75933398385169e-05
"1191","335920/US","336370/US",2.75923868007753e-05
"697","484000/US","332710/US",2.75526538718249e-05
"1159","550000/US","336350/US",2.75332848249515e-05
"12","332710/US","321200/US",2.7527563212424e-05
"1139","541610/US","336320/US",2.74919987282912e-05
"1527","325211/US","326190/US",2.7482501910564e-05
"1048","331110/US","333612/US",2.74520093864854e-05
"1107","441000/US","336310/US",2.73986207799497e-05
"1088","33211A/US","333618/US",2.73597838531675e-05
"505","541800/US","332320/US",2.73117620886772e-05
"1157","423A00/US","336350/US",2.72108493737794e-05
"966","423800/US","333511/US",2.71764440532042e-05
"311","334413/US","33211A/US",2.71651230779549e-05
"97","332114/US","331200/US",2.71390252416376e-05
"685","33211A/US","332710/US",2.71195536047826e-05
"459","482000/US","332310/US",2.70899348548716e-05
"1257","325510/US","3363A0/US",2.70410435285074e-05
"263","33291A/US","332114/US",2.70334328126977e-05
"107","334413/US","331200/US",2.70188593445046e-05
"1254","322210/US","3363A0/US",2.70175541123166e-05
"450","332800/US","332310/US",2.70048890340935e-05
"1554","484000/US","562000/US",2.69421700817883e-05
"487","333318/US","332320/US",2.69269605721054e-05
"142","221100/US","331313/US",2.69169115416426e-05
"1009","335314/US","333517/US",2.68834307527929e-05
"161","324190/US","33131B/US",2.68758971057e-05
"177","561900/US","33131B/US",2.68692008069888e-05
"501","523A00/US","332320/US",2.68517890247497e-05
"441","327910/US","332310/US",2.68301414051621e-05
"1070","423600/US","333613/US",2.67995452365999e-05
"1026","33399B/US","33351B/US",2.67658168651291e-05
"292","5419A0/US","332114/US",2.67621033535979e-05
"194","S00300/US","331410/US",2.6722043985415e-05
"749","541200/US","332720/US",2.67171316468448e-05
"1105","423800/US","336310/US",2.67077792303963e-05
"1325","332720/US","322230/US",2.6707047320875e-05
"335","811300/US","33211A/US",2.66859257125321e-05
"1078","531ORE/US","333613/US",2.65882742109414e-05
"756","561400/US","332720/US",2.65840029692278e-05
"1442","334413/US","326120/US",2.6576939713677e-05
"1204","332710/US","336390/US",2.65669971368527e-05
"1016","327910/US","33351B/US",2.65587902052436e-05
"706","561900/US","332710/US",2.65279165196294e-05
"462","52A000/US","332310/US",2.64584703615778e-05
"1393","541800/US","322299/US",2.64139945605601e-05
"1318","325520/US","322220/US",2.63975029671099e-05
"1077","524200/US","333613/US",2.63905045261798e-05
"500","52A000/US","332320/US",2.63772703302028e-05
"1059","331520/US","333613/US",2.63527883239125e-05
"1566","541512/US","562000/US",2.63166090714419e-05
"1585","221300/US","GSLGO/US",2.62790973174342e-05
"949","331510/US","333414/US",2.62335537241469e-05
"1567","541200/US","562000/US",2.62112780055742e-05
"794","326110/US","332800/US",2.61988764948457e-05
"1300","424400/US","322210/US",2.61467376502225e-05
"387","424700/US","332119/US",2.6139133650533e-05
"1429","322210/US","326110/US",2.61313134473397e-05
"1273","332310/US","336500/US",2.60840353964627e-05
"481","331490/US","332320/US",2.60723177805183e-05
"1313","S00300/US","322210/US",2.60631488918838e-05
"392","483000/US","332119/US",2.60617176174914e-05
"1439","332710/US","326120/US",2.60195879280261e-05
"1227","550000/US","336390/US",2.60121243555664e-05
"239","541800/US","331520/US",2.59333969871729e-05
"25","493000/US","321200/US",2.58587539850759e-05
"574","334418/US","332430/US",2.58080399351611e-05
"1540","335120/US","562000/US",2.58054904344017e-05
"653","522A00/US","332600/US",2.58043837180583e-05
"213","484000/US","331510/US",2.57981562071449e-05
"37","332800/US","321910/US",2.57339181346621e-05
"772","33211A/US","332800/US",2.57288368940827e-05
"1368","325211/US","322291/US",2.57041480966717e-05
"234","518200/US","331520/US",2.56395392929359e-05
"1099","336320/US","336310/US",2.54872128599773e-05
"1256","325211/US","3363A0/US",2.54739450392706e-05
"836","33131B/US","332996/US",2.54315713465979e-05
"817","561700/US","332800/US",2.54151329353732e-05
"499","518200/US","332320/US",2.5390856302895e-05
"967","423A00/US","333511/US",2.53785803446937e-05
"493","423600/US","332320/US",2.52904856010766e-05
"141","S00300/US","331200/US",2.52902800862787e-05
"822","331420/US","332913/US",2.52833631771698e-05
"1115","332710/US","336320/US",2.52521954336562e-05
"1212","3363A0/US","336390/US",2.52363296990073e-05
"1285","230301/US","322210/US",2.52228747652577e-05
"79","331200/US","331110/US",2.52173827318854e-05
"147","484000/US","331313/US",2.51963112273476e-05
"1362","561700/US","322230/US",2.51863562107514e-05
"1516","48A000/US","326150/US",2.51712184294968e-05
"190","322210/US","331410/US",2.51333479919522e-05
"510","561900/US","332320/US",2.50368098749041e-05
"89","327992/US","331200/US",2.50339020314342e-05
"321","48A000/US","33211A/US",2.50205341763348e-05
"15","336390/US","321200/US",2.4977935554258e-05
"1171","326110/US","336360/US",2.49738986189928e-05
"106","332999/US","331200/US",2.49367908377956e-05
"1483","326110/US","326140/US",2.49292062117178e-05
"860","423A00/US","33299A/US",2.48479645930944e-05
"745","532400/US","332720/US",2.48041210401044e-05
"22","424A00/US","321200/US",2.47991807626781e-05
"1162","321910/US","336360/US",2.47502469846034e-05
"1240","332800/US","3363A0/US",2.4724454194467e-05
"1366","322210/US","322291/US",2.46705896941868e-05
"951","334512/US","333414/US",2.46651336895769e-05
"55","550000/US","321910/US",2.46161149495688e-05
"38","334413/US","321910/US",2.45852568266317e-05
"208","221100/US","331510/US",2.45776344738428e-05
"365","33351B/US","332119/US",2.4553823690328e-05
"238","531ORE/US","331520/US",2.44433185457036e-05
"1605","561300/US","GSLGO/US",2.44330450265406e-05
"275","481000/US","332114/US",2.44312969314966e-05
"823","331110/US","33291A/US",2.44099357080627e-05
"129","533000/US","331200/US",2.43026552027713e-05
"946","550000/US","333111/US",2.42803721751533e-05
"1184","331420/US","336370/US",2.42797670764443e-05
"1093","423A00/US","333618/US",2.42399483853795e-05
"497","482000/US","332320/US",2.42309306117084e-05
"435","325211/US","332200/US",2.42270200578147e-05
"579","423800/US","332430/US",2.42234331346881e-05
"215","230301/US","331520/US",2.42164507557249e-05
"466","541300/US","332310/US",2.42136198663834e-05
"1138","541300/US","336320/US",2.42098185797845e-05
"227","333511/US","331520/US",2.41067259125448e-05
"1528","324110/US","525000/US",2.41050957537226e-05
"216","3219A0/US","331520/US",2.40997959224491e-05
"1133","444000/US","336320/US",2.40950416246959e-05
"605","2122A0/US","332600/US",2.40705934907361e-05
"207","561300/US","331490/US",2.40270821220637e-05
"1404","323120/US","323110/US",2.39994739520723e-05
"1213","322210/US","336390/US",2.39215859124172e-05
"1074","518200/US","333613/US",2.38678037760062e-05
"942","326290/US","333111/US",2.38627575842622e-05
"1461","541300/US","326120/US",2.38407816276999e-05
"940","3363A0/US","333111/US",2.38085143710633e-05
"72","531ORE/US","3219A0/US",2.37995193311524e-05
"1207","33399B/US","336390/US",2.37952618971429e-05
"561","561600/US","332420/US",2.379058358579e-05
"57","221100/US","3219A0/US",2.37548963810431e-05
"1319","326110/US","322220/US",2.37407942499379e-05
"1063","332800/US","333613/US",2.36831143092253e-05
"159","336390/US","33131B/US",2.36500660414896e-05
"636","324110/US","332600/US",2.36477795785336e-05
"1557","517210/US","562000/US",2.36328064034466e-05
"185","332710/US","331410/US",2.35873639779435e-05
"1357","541200/US","322230/US",2.35653001925662e-05
"1108","550000/US","336310/US",2.35567020721479e-05
"1343","424400/US","322230/US",2.35557986303487e-05
"528","332800/US","332420/US",2.35537341982295e-05
"1333","3252A0/US","322230/US",2.35473597089576e-05
"1490","335314/US","326150/US",2.35034768705207e-05
"1370","424A00/US","322291/US",2.35022193261561e-05
"602","484000/US","332500/US",2.35009855662927e-05
"571","332710/US","332430/US",2.34965529742124e-05
"1489","334118/US","326150/US",2.34884580377313e-05
"665","541400/US","332600/US",2.34777579982283e-05
"1181","3219A0/US","336370/US",2.34472828528906e-05
"138","561700/US","331200/US",2.33491323100776e-05
"623","332420/US","332600/US",2.33411158315497e-05
"1218","326220/US","336390/US",2.33359889788478e-05
"1010","423600/US","333517/US",2.33341006726645e-05
"826","332996/US","33291A/US",2.33219417272376e-05
"66","326120/US","3219A0/US",2.33116701721849e-05
"598","332800/US","332500/US",2.33033239546293e-05
"243","561900/US","331520/US",2.33025377192357e-05
"783","335314/US","332800/US",2.32786764761505e-05
"1017","327999/US","33351B/US",2.32221002781884e-05
"1259","326290/US","3363A0/US",2.31822489008019e-05
"1541","335911/US","562000/US",2.31718842199926e-05
"1012","541511/US","333517/US",2.31545379981504e-05
"1465","561700/US","326120/US",2.31256047849098e-05
"723","332800/US","332720/US",2.30872233871579e-05
"995","518200/US","333514/US",2.3077603661761e-05
"986","334418/US","333514/US",2.30074976487055e-05
"378","3259A0/US","332119/US",2.29748613448182e-05
"1075","52A000/US","333613/US",2.2944978550688e-05
"556","541800/US","332420/US",2.29394918091009e-05
"1006","333517/US","333517/US",2.29334144762235e-05
"1535","333415/US","562000/US",2.29175582278241e-05
"1168","325211/US","336360/US",2.28713357834347e-05
"576","325520/US","332430/US",2.28575564196688e-05
"1092","423800/US","333618/US",2.28457815028733e-05
"1462","541800/US","326120/US",2.28219887924382e-05
"734","481000/US","332720/US",2.28126202236737e-05
"34","332320/US","321910/US",2.27981086707105e-05
"1463","5419A0/US","326120/US",2.27791319096378e-05
"17","322210/US","321200/US",2.27754524083253e-05
"1478","221100/US","326140/US",2.27726233634172e-05
"491","325510/US","332320/US",2.27170890026275e-05
"927","541400/US","332999/US",2.27133261935381e-05
"1427","561300/US","323120/US",2.27116425022336e-05
"1365","322120/US","322291/US",2.26933475329025e-05
"1390","52A000/US","322299/US",2.26789029851796e-05
"916","5241XX/US","332999/US",2.26722329977089e-05
"312","322210/US","33211A/US",2.26680127228835e-05
"1080","541300/US","333613/US",2.26679355765378e-05
"846","423800/US","332996/US",2.26358475785967e-05
"1160","221100/US","336360/US",2.26010627765449e-05
"1123","336370/US","336320/US",2.25684740721927e-05
"1467","221100/US","326130/US",2.24955846342637e-05
"104","33291A/US","331200/US",2.24591266036616e-05
"813","541200/US","332800/US",2.24231419987979e-05
"943","423100/US","333111/US",2.24092242307843e-05
"1424","424A00/US","323120/US",2.23527693488344e-05
"717","332114/US","332720/US",2.23497356078356e-05
"577","325910/US","332430/US",2.22596207205671e-05
"173","5419A0/US","33131B/US",2.22143894444424e-05
"1296","325910/US","322210/US",2.21866923479259e-05
"50","52A000/US","321910/US",2.21378886116935e-05
"1556","517110/US","562000/US",2.21296543062928e-05
"670","561400/US","332600/US",2.2099696960668e-05
"296","811100/US","332114/US",2.20990342950748e-05
"1046","561300/US","33351B/US",2.20989879679313e-05
"599","334413/US","332500/US",2.20937161956383e-05
"616","331520/US","332600/US",2.20828265818619e-05
"947","550000/US","33329A/US",2.20149861821228e-05
"630","332991/US","332600/US",2.19439664567765e-05
"1069","335312/US","333613/US",2.19304768070937e-05
"1574","561400/US","562000/US",2.18978754015901e-05
"1264","424A00/US","3363A0/US",2.18943055783878e-05
"105","332991/US","331200/US",2.18391455474734e-05
"1008","334515/US","333517/US",2.18318275714245e-05
"1596","52A000/US","GSLGO/US",2.18268535570427e-05
"681","331313/US","332710/US",2.18196668840326e-05
"16","313300/US","321200/US",2.18069088746883e-05
"1030","334515/US","33351B/US",2.17807836623051e-05
"6","3219A0/US","321100/US",2.17755405102649e-05
"1125","339990/US","336320/US",2.17632421241508e-05
"1420","322210/US","323120/US",2.17598452998853e-05
"1230","3219A0/US","3363A0/US",2.1704669461429e-05
"1316","322210/US","322220/US",2.16591734259267e-05
"615","331510/US","332600/US",2.15851675326652e-05
"791","3252A0/US","332800/US",2.15505610832011e-05
"674","811100/US","332600/US",2.15307025269651e-05
"1604","5416A0/US","GSLGO/US",2.15246864301447e-05
"1011","423800/US","333517/US",2.15215593477175e-05
"1215","325510/US","336390/US",2.15198362565634e-05
"534","334418/US","332420/US",2.15189220566323e-05
"1491","335991/US","326150/US",2.15020503049447e-05
"695","423800/US","332710/US",2.15017426088782e-05
"757","561600/US","332720/US",2.15009149644426e-05
"1412","484000/US","323110/US",2.14938428235965e-05
"1409","423800/US","323110/US",2.14911583645092e-05
"1452","423A00/US","326120/US",2.14364644081739e-05
"1437","230301/US","326120/US",2.14360486650617e-05
"1422","325910/US","323120/US",2.14277886648774e-05
"908","481000/US","332999/US",2.1416680229725e-05
"131","541512/US","331200/US",2.14103397084037e-05
"548","522A00/US","332420/US",2.14007418851596e-05
"1444","325130/US","326120/US",2.13975378685039e-05
"1023","332710/US","33351B/US",2.13865446750628e-05
"1094","550000/US","333618/US",2.13614468166021e-05
"1038","52A000/US","33351B/US",2.13612636198691e-05
"1170","325510/US","336360/US",2.13349031223213e-05
"65","325414/US","3219A0/US",2.13077932156979e-05
"1518","52A000/US","326150/US",2.12677573204713e-05
"188","334418/US","331410/US",2.12615103479955e-05
"640","326150/US","332600/US",2.12323586040895e-05
"382","423400/US","332119/US",2.12139533193204e-05
"987","335314/US","333514/US",2.12077578907203e-05
"1577","722110/US","562000/US",2.11624003186601e-05
"1247","335930/US","3363A0/US",2.11249677461393e-05
"1466","S00300/US","326120/US",2.10928250997935e-05
"98","332310/US","331200/US",2.1063806337271e-05
"737","493000/US","332720/US",2.10455699199709e-05
"368","33441A/US","332119/US",2.10358595834123e-05
"821","S00203/US","332800/US",2.10069920393552e-05
"451","33291A/US","332310/US",2.09600122031499e-05
"1178","484000/US","336360/US",2.09422263725677e-05
"806","517110/US","332800/US",2.09407476632179e-05
"372","322130/US","332119/US",2.09363985799098e-05
"1278","423800/US","336500/US",2.09300706863792e-05
"363","333415/US","332119/US",2.09101177160711e-05
"600","336390/US","332500/US",2.08867025150109e-05
"1477","524200/US","326130/US",2.08716508129213e-05
"1558","517A00/US","562000/US",2.08609824761661e-05
"1079","541100/US","333613/US",2.08082124892326e-05
"123","517110/US","331200/US",2.07925740460509e-05
"523","332114/US","332420/US",2.07845800774655e-05
"13","332800/US","321200/US",2.07353960909231e-05
"23","482000/US","321200/US",2.07352773480543e-05
"700","541100/US","332710/US",2.0732272197092e-05
"560","561400/US","332420/US",2.07231964102911e-05
"494","423800/US","332320/US",2.07081287466877e-05
"1536","333413/US","562000/US",2.0666502046253e-05
"690","333511/US","332710/US",2.0629932177824e-05
"286","533000/US","332114/US",2.06214772756335e-05
"1120","335920/US","336320/US",2.06119688495833e-05
"1297","423400/US","322210/US",2.06068180346611e-05
"489","336390/US","332320/US",2.05915828621231e-05
"553","533000/US","332420/US",2.05884141548148e-05
"588","541100/US","332430/US",2.05743532255436e-05
"322","518200/US","33211A/US",2.05721419865262e-05
"586","523A00/US","332430/US",2.05526730193443e-05
"1369","326110/US","322291/US",2.05363560842331e-05
"802","481000/US","332800/US",2.0532853969359e-05
"1413","493000/US","323110/US",2.05201865517961e-05
"1317","325211/US","322220/US",2.04975750697015e-05
"1185","331510/US","336370/US",2.04657308306051e-05
"1322","230301/US","322230/US",2.0461724309776e-05
"288","541512/US","332114/US",2.04436764008856e-05
"1186","332119/US","336370/US",2.04093817810064e-05
"1338","326130/US","322230/US",2.03932719586085e-05
"285","532400/US","332114/US",2.03483262620216e-05
"4","321200/US","321100/US",2.03285744856132e-05
"1156","423800/US","336350/US",2.03189069452568e-05
"1135","523A00/US","336320/US",2.03089730719226e-05
"49","518200/US","321910/US",2.02591081678066e-05
"1209","335930/US","336390/US",2.0229303350789e-05
"319","482000/US","33211A/US",2.01972562721797e-05
"347","331510/US","332119/US",2.01846090302402e-05
"455","325510/US","332310/US",2.01775916939644e-05
"514","3259A0/US","332410/US",2.01713426209102e-05
"858","335311/US","33299A/US",2.01575775019645e-05
"1175","423800/US","336360/US",2.014829709031e-05
"1320","424A00/US","322220/US",2.00792716247358e-05
"171","531ORE/US","33131B/US",2.00787187303896e-05
"113","3259A0/US","331200/US",2.00668286698452e-05
"230","322210/US","331520/US",2.00666380875836e-05
"325","524200/US","33211A/US",2.00603654507158e-05
"693","325510/US","332710/US",2.00007612170486e-05
"1283","336390/US","314900/US",1.99843034467146e-05
"1112","331490/US","336320/US",1.99381036401977e-05
"897","324190/US","332999/US",1.99349358346768e-05
"471","561200/US","332310/US",1.99195971016409e-05
"932","562000/US","332999/US",1.98867588410894e-05
"1433","424200/US","326110/US",1.98564930757369e-05
"799","424700/US","332800/US",1.98546376507557e-05
"1607","561600/US","GSLGO/US",1.98438817867724e-05
"14","334413/US","321200/US",1.97768842961693e-05
"1374","334418/US","322299/US",1.97334098366777e-05
"170","524200/US","33131B/US",1.9713867559756e-05
"36","332720/US","321910/US",1.96884689415799e-05
"633","334418/US","332600/US",1.96626729427162e-05
"1208","33441A/US","336390/US",1.96524593041401e-05
"475","S00300/US","332310/US",1.96396245714676e-05
"44","424A00/US","321910/US",1.96331205296173e-05
"198","3219A0/US","331490/US",1.96276769319614e-05
"309","332800/US","33211A/US",1.95876475288081e-05
"768","33131B/US","332800/US",1.95862548430974e-05
"1037","518200/US","33351B/US",1.95743723704414e-05
"1202","331510/US","336390/US",1.95642877986041e-05
"468","5419A0/US","332310/US",1.9539520784193e-05
"1195","423100/US","336370/US",1.9536899644363e-05
"186","332800/US","331410/US",1.95347077258873e-05
"81","331490/US","331110/US",1.95220852700967e-05
"1144","331410/US","336350/US",1.95205912343933e-05
"1601","541200/US","GSLGO/US",1.9461451516792e-05
"1364","322110/US","322291/US",1.94578603598949e-05
"240","5419A0/US","331520/US",1.94500477403801e-05
"1529","324110/US","561900/US",1.94233903337265e-05
"673","721000/US","332600/US",1.93649849964595e-05
"509","561600/US","332320/US",1.93531010413894e-05
"675","811200/US","332600/US",1.93526829018053e-05
"1153","326190/US","336350/US",1.93494407346138e-05
"176","561400/US","33131B/US",1.93459907501781e-05
"945","423A00/US","333111/US",1.93186326063917e-05
"694","423600/US","332710/US",1.92921623502545e-05
"1198","482000/US","336370/US",1.92859517255681e-05
"111","324190/US","331200/US",1.928574968748e-05
"1591","424A00/US","GSLGO/US",1.92725970624809e-05
"145","331410/US","331313/US",1.92336260423174e-05
"60","321910/US","3219A0/US",1.92216351686736e-05
"1484","424200/US","326140/US",1.92189822759807e-05
"1468","322120/US","326130/US",1.92059156215261e-05
"1193","336390/US","336370/US",1.91924171963013e-05
"1367","322220/US","322291/US",1.91882364288104e-05
"811","533000/US","332800/US",1.91747061159772e-05
"324","523A00/US","33211A/US",1.91710548649608e-05
"1470","325190/US","326130/US",1.91100658831073e-05
"212","482000/US","331510/US",1.91088468699425e-05
"356","332600/US","332119/US",1.91009304718641e-05
"132","541200/US","331200/US",1.90856247136062e-05
"1245","334418/US","3363A0/US",1.90604597159558e-05
"112","325120/US","331200/US",1.90314476785532e-05
"1304","48A000/US","322210/US",1.89985950743128e-05
"178","811300/US","33131B/US",1.89910723940238e-05
"1044","541800/US","33351B/US",1.89502051058674e-05
"313","324110/US","33211A/US",1.89437996098228e-05
"1551","424700/US","562000/US",1.89349650632667e-05
"941","326210/US","333111/US",1.89212181223898e-05
"1356","541512/US","322230/US",1.88907235633153e-05
"769","331410/US","332800/US",1.88805132959246e-05
"1496","325120/US","326150/US",1.88760043653077e-05
"1226","541100/US","336390/US",1.88567852706135e-05
"1349","522A00/US","322230/US",1.88510938067591e-05
"317","423800/US","33211A/US",1.88177689930832e-05
"568","331490/US","332430/US",1.88148723246657e-05
"1173","326190/US","336360/US",1.88145523967627e-05
"1221","423600/US","336390/US",1.88009785694263e-05
"845","326130/US","332996/US",1.87920660281067e-05
"151","331110/US","33131B/US",1.87833069192796e-05
"582","482000/US","332430/US",1.8780081413843e-05
"1398","33399B/US","323110/US",1.87482132307593e-05
"803","482000/US","332800/US",1.87372109540845e-05
"1267","523A00/US","3363A0/US",1.87116296373711e-05
"204","332710/US","331490/US",1.87055866621285e-05
"255","332119/US","332114/US",1.87026018742609e-05
"594","33211A/US","332500/US",1.86884140271279e-05
"805","493000/US","332800/US",1.86759427384788e-05
"517","230301/US","332420/US",1.86758744020491e-05
"1280","550000/US","336500/US",1.86724125371754e-05
"480","331420/US","332320/US",1.86573483942506e-05
"1056","33131B/US","333613/US",1.86550135385091e-05
"735","482000/US","332720/US",1.86366230378733e-05
"328","541300/US","33211A/US",1.86314161990985e-05
"1532","332310/US","562000/US",1.86257810802998e-05
"418","561300/US","332119/US",1.86045435732169e-05
"1255","325190/US","3363A0/US",1.86008406054816e-05
"546","517110/US","332420/US",1.85933111121321e-05
"1418","221100/US","323120/US",1.85665847562428e-05
"919","532400/US","332999/US",1.85369840367495e-05
"704","561400/US","332710/US",1.85333210421038e-05
"972","331313/US","333514/US",1.85280757840633e-05
"1085","331110/US","333618/US",1.85167748561581e-05
"539","326110/US","332420/US",1.84896331741659e-05
"1005","331520/US","333517/US",1.84113366432336e-05
"1552","424A00/US","562000/US",1.8403448339992e-05
"1426","541511/US","323120/US",1.84031517878429e-05
"1231","327200/US","3363A0/US",1.83981765743369e-05
"314","325510/US","33211A/US",1.8362808795407e-05
"467","541800/US","332310/US",1.83566429300622e-05
"1397","33329A/US","323110/US",1.83472820465243e-05
"1106","423A00/US","336310/US",1.83307505277029e-05
"1083","561700/US","333613/US",1.83188323451076e-05
"1002","541800/US","333514/US",1.83159337892045e-05
"259","332430/US","332114/US",1.83033313347059e-05
"1228","561300/US","336390/US",1.82979771819209e-05
"235","52A000/US","331520/US",1.82803919551791e-05
"164","424A00/US","33131B/US",1.82758776509238e-05
"1543","3363A0/US","562000/US",1.82741703137019e-05
"63","337122/US","3219A0/US",1.8263822756312e-05
"1547","423100/US","562000/US",1.82368541914975e-05
"1548","423600/US","562000/US",1.81809245676642e-05
"256","332200/US","332114/US",1.81675349183715e-05
"64","324190/US","3219A0/US",1.81362120352342e-05
"1414","52A000/US","323110/US",1.80792787489881e-05
"327","541100/US","33211A/US",1.80722590312505e-05
"1493","322210/US","326150/US",1.80676832477016e-05
"1403","323110/US","323110/US",1.80662876019515e-05
"798","424200/US","332800/US",1.80499450674744e-05
"298","S00203/US","332114/US",1.80416644718075e-05
"513","332710/US","332410/US",1.80404781611604e-05
"776","33351B/US","332800/US",1.80028635876218e-05
"1028","334413/US","33351B/US",1.79709167345242e-05
"446","332114/US","332310/US",1.79470321508223e-05
"1410","424200/US","323110/US",1.79222887441025e-05
"1119","335110/US","336320/US",1.78918956554564e-05
"1288","334418/US","322210/US",1.78829347429548e-05
"1512","424400/US","326150/US",1.78746028482047e-05
"522","331520/US","332420/US",1.78694388515252e-05
"1140","5419A0/US","336320/US",1.7860815208368e-05
"40","322210/US","321910/US",1.7857994694552e-05
"1097","332710/US","336310/US",1.78231195659233e-05
"1268","524200/US","3363A0/US",1.77975495669206e-05
"838","331510/US","332996/US",1.7791213428992e-05
"120","481000/US","331200/US",1.77875365008917e-05
"316","423600/US","33211A/US",1.77845226981221e-05
"997","523A00/US","333514/US",1.77732702073895e-05
"828","221100/US","332991/US",1.7753456003973e-05
"1416","541300/US","323110/US",1.77433901299082e-05
"270","3259A0/US","332114/US",1.77313568983217e-05
"1310","541800/US","322210/US",1.77302296777049e-05
"1589","324121/US","GSLGO/US",1.77192691757696e-05
"1472","3259A0/US","326130/US",1.76927080793345e-05
"508","561400/US","332320/US",1.76709564152972e-05
"1603","541610/US","GSLGO/US",1.76531701167604e-05
"1587","31161A/US","GSLGO/US",1.76342846713289e-05
"989","322210/US","333514/US",1.76287400172753e-05
"584","518200/US","332430/US",1.76274833944281e-05
"1476","493000/US","326130/US",1.76111215386011e-05
"172","541800/US","33131B/US",1.75626276437532e-05
"1405","324110/US","323110/US",1.7541460156598e-05
"308","332720/US","33211A/US",1.7503648672213e-05
"1076","523A00/US","333613/US",1.7501596325349e-05
"850","523A00/US","332996/US",1.74865405214971e-05
"849","52A000/US","332996/US",1.7462516739862e-05
"1143","331110/US","336350/US",1.74392965915492e-05
"980","332800/US","333514/US",1.74392527633217e-05
"1039","523A00/US","33351B/US",1.74372649269419e-05
"109","336390/US","331200/US",1.74327215303497e-05
"998","524200/US","333514/US",1.74003114479038e-05
"1084","811300/US","333613/US",1.73897878718763e-05
"861","541511/US","33299A/US",1.73611051378243e-05
"1282","331110/US","339910/US",1.73441932104371e-05
"1225","531ORE/US","336390/US",1.73358377655499e-05
"937","332119/US","333111/US",1.73297615083581e-05
"1354","533000/US","322230/US",1.72803075034278e-05
"1590","424700/US","GSLGO/US",1.72801825694948e-05
"1351","5241XX/US","322230/US",1.72670679593784e-05
"1164","332710/US","336360/US",1.72637326980342e-05
"866","327200/US","332999/US",1.72565983757596e-05
"1508","423600/US","326150/US",1.7243523522387e-05
"139","561900/US","331200/US",1.72400615565734e-05
"69","482000/US","3219A0/US",1.72174879970767e-05
"901","326190/US","332999/US",1.72149416184672e-05
"996","52A000/US","333514/US",1.72034446563438e-05
"880","332430/US","332999/US",1.71985094129781e-05
"1029","33441A/US","33351B/US",1.71963593788241e-05
"853","331110/US","33299A/US",1.71641510057722e-05
"73","541300/US","3219A0/US",1.71523555996386e-05
"730","326110/US","332720/US",1.71110521716936e-05
"1451","423800/US","326120/US",1.70485027317256e-05
"53","541300/US","321910/US",1.70443807758292e-05
"878","332200/US","332999/US",1.70416838713855e-05
"933","811200/US","332999/US",1.7039628363656e-05
"564","230301/US","332430/US",1.70301280239958e-05
"1216","326110/US","336390/US",1.70285364117324e-05
"1537","333612/US","562000/US",1.70149997958924e-05
"1298","423800/US","322210/US",1.70068740325152e-05
"833","550000/US","332991/US",1.70055573015318e-05
"1132","424A00/US","336320/US",1.69993458722026e-05
"907","425000/US","332999/US",1.69900614873672e-05
"1237","33211A/US","3363A0/US",1.69630427114108e-05
"763","221300/US","332800/US",1.69600540580607e-05
"1101","336370/US","336310/US",1.69488803108825e-05
"698","52A000/US","332710/US",1.69189655971468e-05
"1015","230301/US","33351B/US",1.69140300372225e-05
"1435","484000/US","326110/US",1.69134147607296e-05
"830","33211A/US","332991/US",1.68785595703515e-05
"1526","531ORE/US","326160/US",1.68636309498919e-05
"841","332800/US","332996/US",1.68617525112772e-05
"689","332800/US","332710/US",1.68580279438215e-05
"167","518200/US","33131B/US",1.68448499118044e-05
"453","334418/US","332310/US",1.68407895284003e-05
"1155","423600/US","336350/US",1.68181043806396e-05
"437","541800/US","332200/US",1.67932931230252e-05
"844","334413/US","332996/US",1.67568007696716e-05
"1395","561700/US","322299/US",1.67283268030665e-05
"1049","331420/US","333612/US",1.67035156137078e-05
"1190","333517/US","336370/US",1.66941414781116e-05
"1520","550000/US","326150/US",1.66405894711326e-05
"801","441000/US","332800/US",1.65911616855396e-05
"191","423600/US","331410/US",1.6574643510299e-05
"572","332720/US","332430/US",1.65478189457721e-05
"744","532100/US","332720/US",1.65353597788983e-05
"77","327992/US","331110/US",1.65136282411927e-05
"683","331420/US","332710/US",1.64954638921843e-05
"705","561600/US","332710/US",1.64815882975388e-05
"1096","33211A/US","336310/US",1.64635438138841e-05
"788","325180/US","332800/US",1.64459358438669e-05
"1423","326110/US","323120/US",1.64080251431487e-05
"289","541200/US","332114/US",1.64028242291363e-05
"1438","327200/US","326120/US",1.63509612284311e-05
"278","493000/US","332114/US",1.63341541733919e-05
"990","326110/US","333514/US",1.62973929293308e-05
"1068","334418/US","333613/US",1.62971396286968e-05
"1583","324110/US","712000/US",1.62926657775514e-05
"1584","115000/US","GSLGO/US",1.62603685162134e-05
"440","230301/US","332310/US",1.62594906899941e-05
