"C","Name","inds"
"111400/US","Greenhouse crops, mushrooms, nurseries, and flowers","4B0000/US, GSLGE/US"
"112A00/US","Animal farms and aquaculture ponds (except cattle and poultry)","GSLGO/US"
"113000/US","Timber and raw forest products","GSLGO/US, S00600/US"
"115000/US","Agriculture and forestry support","424A00/US"
"211000/US","Unrefined oil and gas","213111/US, 21311A/US"
"2123A0/US","Sand, gravel, clay, phosphate, other nonmetallic minerals","GSLGO/US"
"213111/US","Well drilling","211000/US"
"21311A/US","Other support activities for mining","211000/US, 212100/US, 2122A0/US, 2123A0/US, 213111/US"
"221100/US","Electricity","221300/US"
"221200/US","Natural gas","221100/US, 221300/US, 486000/US"
"221300/US","Drinking water and wastewater treatment","221100/US"
"230301/US","Nonresidential building repair and maintanence","423100/US, 423400/US, 423600/US, 423800/US, 423A00/US, 424700/US, 425000/US"
"230302/US","Residential building repair and maintanence","444000/US, 454000/US, 4B0000/US, 531ORE/US"
"233210/US","Health care buildings","621100/US, 621200/US, 621300/US, 621400/US, 621500/US, 621600/US, 621900/US, 622000/US, 623A00/US, 623B00/US, 624100/US, 624400/US, 624A00/US, GSLGE/US, GSLGO/US, S00600/US"
"233230/US","Manufacturing buildings","311111/US, 311119/US, 311210/US, 311221/US, 311224/US, 311225/US, 311230/US, 311300/US, 311410/US, 311420/US, 311513/US, 311514/US, 31151A/US, 311520/US, 311615/US, 31161A/US, 311700/US, 311810/US, 3118A0/US, 311910/US, 311920/US, 311930/US, 311940/US, 311990/US, 312110/US, 312120/US, 312130/US, 312140/US, 312200/US, 313100/US, 313200/US, 313300/US, 314110/US, 314120/US, 314900/US, 315000/US, 316000/US, 321100/US, 321200/US, 321910/US, 3219A0/US, 322110/US, 322120/US, 322130/US, 322210/US, 322220/US, 322230/US, 322291/US, 322299/US, 323110/US, 323120/US, 324110/US, 324121/US, 324122/US, 324190/US, 325110/US, 325120/US, 325130/US, 325180/US, 325190/US, 325211/US, 3252A0/US, 325310/US, 325320/US, 325411/US, 325412/US, 325413/US, 325414/US, 325510/US, 325520/US, 325610/US, 325620/US, 325910/US, 3259A0/US, 326110/US, 326120/US, 326130/US, 326140/US, 326150/US, 326160/US, 326190/US, 326210/US, 326220/US, 326290/US, 327100/US, 327200/US, 327310/US, 327320/US, 327330/US, 327390/US, 327400/US, 327910/US, 327991/US, 327992/US, 327993/US, 327999/US, 331110/US, 331200/US, 331313/US, 331314/US, 33131B/US, 331410/US, 331420/US, 331490/US, 331510/US, 331520/US, 332114/US, 332119/US, 33211A/US, 332200/US, 332310/US, 332320/US, 332410/US, 332420/US, 332430/US, 332500/US, 332600/US, 332710/US, 332720/US, 332800/US, 332913/US, 33291A/US, 332991/US, 332996/US, 332999/US, 33299A/US, 333111/US, 333112/US, 333120/US, 333130/US, 333242/US, 33329A/US, 333314/US, 333316/US, 333318/US, 333413/US, 333414/US, 333415/US, 333511/US, 333514/US, 333517/US, 33351B/US, 333611/US, 333612/US, 333613/US, 333618/US, 333912/US, 333914/US, 333920/US, 333991/US, 333993/US, 333994/US, 33399A/US, 33399B/US, 334111/US, 334112/US, 334118/US, 334210/US, 334220/US, 334290/US, 334413/US, 334418/US, 33441A/US, 334510/US, 334511/US, 334513/US, 334514/US, 334515/US, 334516/US, 334517/US, 33451A/US, 335110/US, 335120/US, 335210/US, 335220/US, 335311/US, 335312/US, 335313/US, 335314/US, 335911/US, 335912/US, 335920/US, 335930/US, 335991/US, 335999/US, 336111/US, 336112/US, 336120/US, 336211/US, 336212/US, 336213/US, 336214/US, 336310/US, 336320/US, 336350/US, 336360/US, 336370/US, 336390/US, 3363A0/US, 336411/US, 336412/US, 336413/US, 336414/US, 33641A/US, 336500/US, 336611/US, 336612/US, 336991/US, 336992/US, 336999/US, 337110/US, 337121/US, 337122/US, 337127/US, 337215/US, 33721A/US, 337900/US, 339112/US, 339113/US, 339115/US, 339116/US, 339910/US, 339920/US, 339930/US, 339940/US, 339950/US, 339990/US"
"233240/US","Utilities buildings and infrastructure","211000/US, 212100/US, 212230/US, 2122A0/US, 212310/US, 2123A0/US, 213111/US, 21311A/US, 221100/US, 221200/US, 221300/US, 486000/US, 515100/US, 515200/US, 517110/US, 517210/US, 517A00/US, 518200/US"
"233262/US","Schools and vocational buildings","611100/US, 611A00/US, 611B00/US, GSLGE/US, S00600/US"
"2332A0/US","Commercial structures, including farm structures","332320/US, 332420/US, 333415/US, 339950/US, 423100/US, 423400/US, 423600/US, 423800/US, 423A00/US, 424200/US, 424400/US, 424700/US, 424A00/US, 425000/US, 441000/US, 444000/US, 447000/US, 452000/US, 454000/US, 493000/US, 4B0000/US, 511110/US, 511120/US, 511130/US, 5111A0/US, 512100/US, 519130/US, 522A00/US, 5241XX/US, 524200/US, 52A000/US, 531HSO/US, 531HST/US, 531ORE/US, 532400/US, 532A00/US, 541100/US, 541200/US, 541300/US, 541400/US, 541511/US, 541512/US, 54151A/US, 541610/US, 5416A0/US, 541700/US, 541800/US, 541920/US, 541940/US, 5419A0/US, 550000/US, 561100/US, 561200/US, 561300/US, 561400/US, 561700/US, 561900/US, 722110/US, 722211/US, 722A00/US, 811100/US, 811200/US, 811300/US, 811400/US, 812200/US, 812900/US, 813A00/US, 813B00/US, GSLGE/US, GSLGO/US, S00500/US, S00600/US"
"2332C0/US","Highways, streets, and bridges","481000/US, 482000/US, 483000/US, 484000/US, 48A000/US, 492000/US, GSLGO/US, S00600/US"
"2332D0/US","Other nonresidential structures","113000/US, 115000/US, 221300/US, 561600/US, 562000/US, 711100/US, 711200/US, 711500/US, 711A00/US, 712000/US, 713100/US, 713200/US, 713900/US, 721000/US, 813100/US, GSLGO/US, S00600/US"
"233411/US","Single-family homes","531HST/US"
"233412/US","Multifamily homes","531HST/US, GSLGO/US, S00500/US, S00600/US"
"2334A0/US","Other residential structures","611A00/US, GSLGE/US, S00600/US"
"311119/US","Other animal food","GSLGO/US"
"31151A/US","Fluid milk and butter","GSLGE/US"
"311520/US","Ice cream and frozen desserts","GSLGE/US"
"311615/US","Packaged poultry","424400/US"
"31161A/US","Packaged meat (except poultry)","424400/US"
"311810/US","Bread and other baked goods","445000/US, 452000/US"
"311910/US","Snack foods","GSLGE/US, GSLGO/US"
"312200/US","Tobacco products","GSLGO/US"
"315000/US","Clothing","GSLGE/US, GSLGO/US"
"321100/US","Lumber and treated lumber","GSLGO/US"
"322230/US","Stationery","GSLGE/US"
"323110/US","Books, newspapers, magazines, and other print media","511110/US, 511120/US, 511130/US, 5111A0/US, 541400/US, 561400/US, 561900/US, GSLGE/US, GSLGO/US, S00600/US"
"325180/US","Other basic inorganic chemicals","S00600/US"
"325620/US","Toiletries","GSLGE/US"
"3259A0/US","Chemicals (except basic chemicals, agrichemicals, polymers, paints, pharmaceuticals,soaps, cleaning compounds)","GSLGE/US"
"331410/US","Copper, gold and silver concentrates","S00600/US"
"333316/US","Photography and photocopying equipment","S00500/US"
"333318/US","Other commercial and service industry machinery","423400/US"
"334290/US","Communications equipment","518200/US"
"334610/US","External hard drives, CDs, other storage media","512100/US"
"336320/US","Vehicle electrical and electronic equipment","423100/US, 423800/US"
"339910/US","Jewelry and silverware","423A00/US, 448000/US, GSLGE/US, S00500/US, S00600/US"
"339920/US","Sporting and athletic goods","GSLGO/US"
"339930/US","Dolls, toys, and games","GSLGE/US"
"339940/US","Office supplies (not paper)","GSLGE/US"
"339990/US","Gaskets, seals, musical instruments, fasteners, brooms, brushes, mop and other misc. goods","GSLGE/US"
"423100/US","Motor vehicle and motor vehicle parts and supplies","326210/US, 335312/US, 336111/US, 336120/US, 336211/US, 336212/US, 336213/US, 336214/US, 336310/US, 336320/US, 336350/US, 336360/US, 336370/US, 336390/US, 3363A0/US, 811100/US"
"423400/US","Professional and commercial equipment and supplies","333314/US, 333316/US, 333318/US, 334111/US, 334112/US, 334118/US, 339112/US, 339113/US, 339114/US, 339115/US, 339116/US, 511200/US, 518200/US, 519130/US, 541511/US, 541512/US, 54151A/US, 811200/US"
"423600/US","Household appliances and electrical and electronic goods","334210/US, 334220/US, 334290/US, 334300/US, 334413/US, 334418/US, 33441A/US, 334510/US, 334511/US, 334512/US, 334513/US, 334514/US, 334515/US, 334516/US, 334517/US, 33451A/US, 334610/US, 335110/US, 335120/US, 335210/US, 335220/US, 335311/US, 335313/US, 335314/US, 335911/US, 335912/US, 335920/US, 335930/US, 335991/US, 335999/US"
"423800/US","Machinery, equipment, and supplies","221100/US, 3219A0/US, 326110/US, 326120/US, 326130/US, 326140/US, 326150/US, 326160/US, 326190/US, 326220/US, 326290/US, 332710/US, 333111/US, 333112/US, 333120/US, 333130/US, 333242/US, 33329A/US, 333514/US, 333517/US, 33351B/US, 333611/US, 333612/US, 333613/US, 333618/US, 333912/US, 333914/US, 333920/US, 333991/US, 333993/US, 333994/US, 33399A/US, 33399B/US, 336411/US, 336412/US, 336413/US, 336500/US, 336611/US, 336612/US, 336991/US, 336992/US, 336999/US, 339990/US, 515100/US, 517110/US, 517210/US, 517A00/US, 811300/US"
"423A00/US","Other durable goods merchant wholesalers","212100/US, 2122A0/US, 212310/US, 2123A0/US, 21311A/US, 314110/US, 321100/US, 321200/US, 321910/US, 3219A0/US, 322110/US, 324121/US, 324122/US, 327100/US, 327200/US, 327310/US, 327320/US, 327330/US, 327390/US, 327400/US, 327910/US, 327991/US, 327992/US, 327993/US, 327999/US, 331110/US, 331200/US, 331313/US, 331314/US, 33131B/US, 331410/US, 331420/US, 331490/US, 331510/US, 331520/US, 332114/US, 332119/US, 33211A/US, 332200/US, 332310/US, 332320/US, 332410/US, 332420/US, 332430/US, 332500/US, 332600/US, 332720/US, 332800/US, 332913/US, 33291A/US, 332991/US, 332996/US, 332999/US, 33299A/US, 333413/US, 333414/US, 333415/US, 333511/US, 334610/US, 337110/US, 337121/US, 337122/US, 337127/US, 33712N/US, 337215/US, 33721A/US, 337900/US, 339910/US, 339920/US, 339930/US, 339940/US, 339950/US, 339990/US, 512100/US, 811300/US"
"424200/US","Drugs and druggists sundries","325411/US, 325412/US, 325413/US, 325414/US"
"424400/US","Grocery and related product wholesalers","311230/US, 311300/US, 311410/US, 311420/US, 311513/US, 311514/US, 31151A/US, 311520/US, 311615/US, 31161A/US, 311700/US, 311810/US, 3118A0/US, 311910/US, 311920/US, 311930/US, 311940/US, 311990/US, 312110/US, 722211/US"
"424700/US","Petroleum and petroleum products","211000/US, 213111/US, 21311A/US, 324110/US, 324190/US, 325110/US"
"424A00/US","Other nondurable goods merchant wholesalers","311111/US, 311119/US, 311210/US, 311221/US, 311224/US, 311225/US, 312120/US, 312130/US, 312140/US, 312200/US, 313100/US, 313200/US, 313300/US, 314120/US, 314900/US, 315000/US, 316000/US, 322120/US, 322130/US, 322210/US, 322220/US, 322230/US, 322291/US, 322299/US, 323110/US, 323120/US, 325120/US, 325130/US, 325180/US, 325190/US, 325211/US, 3252A0/US, 325310/US, 325320/US, 325510/US, 325520/US, 325610/US, 325620/US, 325910/US, 3259A0/US, 511110/US, 511120/US, 511130/US, 5111A0/US"
"441000/US","Vehicles and parts sales","532100/US, 713900/US, 721000/US, 811100/US"
"444000/US","Building material and garden equipment and supplies dealers","221100/US, 221300/US, 532400/US, 541300/US, 541400/US, 561700/US, 562000/US, 624A00/US, 811300/US, 811400/US"
"445000/US","Food and beverage stores","721000/US, 722110/US, 722211/US, 722A00/US"
"446000/US","Health and personal care stores","611B00/US, 621100/US, 621200/US, 621300/US, 621400/US, 621500/US, 621600/US, 621900/US, 622000/US, 623A00/US, 623B00/US, 624100/US, 624A00/US, 811200/US, 812100/US, S00102/US"
"447000/US","Gasoline stations","721000/US"
"448000/US","Clothing and clothing accessories stores","561700/US, 621100/US, 621300/US, 621400/US, 811400/US"
"452000/US","General merchandise stores","532400/US, 532A00/US, 541300/US, 541400/US, 5419A0/US, 721000/US, 811400/US, 812300/US, S00102/US"
"454000/US","Nonstore retailers","519130/US, 611100/US, 611A00/US, 721000/US, 811100/US"
"481000/US","Air transport","48A000/US"
"483000/US","Water transport (boats, ships, ferries)","48A000/US"
"484000/US","Truck transport","48A000/US, 492000/US, 493000/US, 532400/US, 532A00/US"
"485000/US","Passenger ground transport","48A000/US"
"486000/US","Pipeline transport","221100/US, 221200/US, 424700/US"
"48A000/US","Scenic and sightseeing transportation and support activities for transportation","423800/US, 481000/US, 483000/US, 484000/US, 485000/US, 493000/US, 562000/US"
"493000/US","Warehousing","424A00/US, 484000/US, 48A000/US"
"4B0000/US","Other retail","221100/US, 221200/US, 511110/US, 511120/US, 511130/US, 5111A0/US, 511200/US, 512100/US, 512200/US, 515100/US, 515200/US, 517110/US, 517210/US, 517A00/US, 518200/US, 5191A0/US, 532400/US, 532A00/US, 541300/US, 541400/US, 541511/US, 541512/US, 54151A/US, 541610/US, 5416A0/US, 541700/US, 541800/US, 541920/US, 541940/US, 5419A0/US, 561100/US, 561200/US, 561300/US, 561400/US, 561500/US, 561600/US, 561700/US, 561900/US, 611A00/US, 611B00/US, 711100/US, 711200/US, 711500/US, 711A00/US, 712000/US, 713100/US, 713200/US, 713900/US, 721000/US, 722110/US, 722211/US, 722A00/US, 811200/US, 811400/US, 812200/US, 812300/US, 812900/US, 813A00/US, 813B00/US"
"511130/US","Books","GSLGO/US, S00600/US"
"5111A0/US","Directory, mailing list, and other publishers","GSLGE/US, GSLGO/US"
"511200/US","Software","541511/US"
"512100/US","Movies and film","454000/US, 4B0000/US, GSLGE/US"
"512200/US","Sound recording","S00500/US"
"517110/US","Telecommunications","518200/US, 541511/US, 541512/US, 54151A/US, 721000/US"
"517A00/US","Satellite, telecommunications resellers, and all other telecommunications","518200/US, 541511/US"
"518200/US","Data processing and hosting","511200/US, 517110/US, 541400/US, 541511/US, 541512/US, 54151A/US, 541610/US"
"5191A0/US","News syndicates, libraries, archives, Internet publishing and all other information services","811200/US, GSLGO/US, S00500/US"
"522A00/US","Nondepository credit intermediation and related activities","441000/US, 445000/US, 446000/US, 531ORE/US, 532100/US, 532400/US"
"523900/US","Investment advice, portfolio management, and other financial advising services","524200/US, 541200/US"
"523A00/US","Securities and commodities brokerage and exchanges","524200/US"
"5241XX/US","Insurance carriers, except direct life","532100/US, 532400/US, 532A00/US, 611A00/US"
"524200/US","Insurance agencies and brokerages","531ORE/US"
"525000/US","Funds, trusts, and financial vehicles","GSLGO/US, S00600/US"
"531ORE/US","Other real estate","512100/US, 512200/US, 532100/US, 532400/US, 611A00/US, 623A00/US, 623B00/US, 711100/US, 711A00/US, 712000/US, 713100/US, 713900/US, 721000/US, 812100/US, 813A00/US, 813B00/US"
"532100/US","Vehicle rental and leasing","423100/US, 441000/US, 447000/US, 484000/US, 48A000/US, 811100/US"
"532400/US","Commercial equipment rental","423400/US, 423600/US, 423800/US, 423A00/US, 424200/US, 424A00/US, 446000/US, 481000/US, 482000/US, 512100/US, 517110/US, 517210/US, 517A00/US, 541511/US, 541512/US, 54151A/US, 561600/US, 562000/US, 621100/US, 621300/US, 621400/US, 621600/US, 621900/US, 622000/US, 811200/US, 811300/US"
"532A00/US","Consumer goods and general rental centers","423600/US, 423800/US, 423A00/US, 424A00/US, 425000/US, 441000/US, 445000/US, 448000/US, 4B0000/US, 541920/US, 621100/US, 621300/US, 621600/US, 621900/US, 622000/US, 711100/US, 711200/US, 712000/US, 713100/US, 713900/US, 721000/US, 811100/US, 811200/US, 811400/US, 812900/US"
"533000/US","Lessors of nonfinancial intangible assets","711100/US, 711200/US, 711500/US, 711A00/US, 712000/US"
"541100/US","Legal services","524200/US"
"541200/US","Accounting, tax preparation, bookkeeping, and payroll","611A00/US"
"541300/US","Architectural, engineering, and related services","518200/US, 561100/US, 561200/US, GSLGE/US, GSLGO/US, S00500/US"
"541400/US","Specialized design","512200/US"
"541511/US","Custom computer programming","211000/US, 212100/US, 213111/US, 21311A/US, 221100/US, 221200/US, 221300/US, 230301/US, 311111/US, 311119/US, 311210/US, 311221/US, 311224/US, 311225/US, 311230/US, 311300/US, 311410/US, 311420/US, 311513/US, 311514/US, 31151A/US, 311520/US, 311615/US, 31161A/US, 311810/US, 3118A0/US, 311910/US, 311920/US, 311930/US, 311940/US, 311990/US, 312110/US, 312120/US, 312130/US, 312140/US, 312200/US, 313200/US, 314110/US, 314120/US, 314900/US, 315000/US, 316000/US, 321200/US, 321910/US, 3219A0/US, 322120/US, 322130/US, 322210/US, 322220/US, 322230/US, 322291/US, 322299/US, 323110/US, 323120/US, 324110/US, 324121/US, 324122/US, 324190/US, 325110/US, 325120/US, 325130/US, 325180/US, 325190/US, 325211/US, 3252A0/US, 325310/US, 325320/US, 325411/US, 325412/US, 325413/US, 325414/US, 325510/US, 325520/US, 325610/US, 325620/US, 325910/US, 3259A0/US, 326110/US, 326120/US, 326130/US, 326140/US, 326150/US, 326160/US, 326190/US, 326210/US, 326220/US, 326290/US, 327100/US, 327200/US, 327310/US, 327320/US, 327330/US, 327390/US, 327400/US, 327910/US, 327991/US, 327992/US, 327993/US, 327999/US, 331110/US, 331200/US, 331313/US, 331314/US, 33131B/US, 331410/US, 331420/US, 331490/US, 331510/US, 331520/US, 332114/US, 332119/US, 33211A/US, 332200/US, 332310/US, 332320/US, 332410/US, 332420/US, 332430/US, 332500/US, 332600/US, 332710/US, 332720/US, 332800/US, 332913/US, 33291A/US, 332991/US, 332996/US, 332999/US, 33299A/US, 333111/US, 333112/US, 333120/US, 333130/US, 333242/US, 33329A/US, 333314/US, 333316/US, 333318/US, 333413/US, 333414/US, 333415/US, 333511/US, 333514/US, 333517/US, 33351B/US, 333611/US, 333612/US, 333613/US, 333618/US, 333912/US, 333914/US, 333920/US, 333991/US, 333993/US, 333994/US, 33399A/US, 33399B/US, 334111/US, 334112/US, 334118/US, 334210/US, 334220/US, 334290/US, 334300/US, 334413/US, 334418/US, 33441A/US, 334510/US, 334511/US, 334512/US, 334513/US, 334514/US, 334515/US, 334516/US, 334517/US, 33451A/US, 334610/US, 335110/US, 335120/US, 335210/US, 335220/US, 335311/US, 335312/US, 335313/US, 335314/US, 335911/US, 335912/US, 335920/US, 335930/US, 335991/US, 335999/US, 336111/US, 336112/US, 336120/US, 336211/US, 336212/US, 336213/US, 336214/US, 336310/US, 336320/US, 336350/US, 336360/US, 336370/US, 336390/US, 3363A0/US, 336411/US, 336412/US, 336413/US, 336414/US, 33641A/US, 336500/US, 336611/US, 336612/US, 336991/US, 336992/US, 336999/US, 337110/US, 337121/US, 337122/US, 337127/US, 33712N/US, 337215/US, 33721A/US, 337900/US, 339112/US, 339113/US, 339114/US, 339115/US, 339116/US, 339910/US, 339920/US, 339930/US, 339940/US, 339950/US, 339990/US, 423100/US, 423400/US, 423600/US, 423800/US, 423A00/US, 424200/US, 424400/US, 424700/US, 424A00/US, 425000/US, 441000/US, 444000/US, 445000/US, 446000/US, 448000/US, 454000/US, 481000/US, 482000/US, 483000/US, 484000/US, 485000/US, 486000/US, 48A000/US, 491000/US, 492000/US, 493000/US, 4B0000/US, 511110/US, 511120/US, 511130/US, 5111A0/US, 511200/US, 512100/US, 512200/US, 515100/US, 515200/US, 517110/US, 517210/US, 517A00/US, 518200/US, 519130/US, 5191A0/US, 522A00/US, 523900/US, 523A00/US, 524113/US, 5241XX/US, 524200/US, 525000/US, 52A000/US, 531HST/US, 531ORE/US, 532100/US, 532400/US, 532A00/US, 533000/US, 541100/US, 541200/US, 541300/US, 541400/US, 541512/US, 54151A/US, 541610/US, 5416A0/US, 541700/US, 541800/US, 541920/US, 541940/US, 5419A0/US, 550000/US, 561100/US, 561200/US, 561300/US, 561400/US, 561500/US, 561600/US, 561700/US, 561900/US, 562000/US, 611100/US, 611A00/US, 611B00/US, 621100/US, 621200/US, 621300/US, 621400/US, 621500/US, 621600/US, 621900/US, 622000/US, 623A00/US, 623B00/US, 624100/US, 624400/US, 624A00/US, 711100/US, 711200/US, 711500/US, 711A00/US, 712000/US, 713100/US, 713200/US, 713900/US, 721000/US, 722110/US, 722211/US, 811100/US, 811200/US, 811300/US, 812900/US, 813100/US, 813A00/US, 813B00/US, GSLGE/US, GSLGH/US, GSLGO/US, S00101/US, S00102/US, S00500/US, S00600/US"
"541512/US","Computer systems design","423400/US, 423600/US, 425000/US, 517110/US, 517210/US, 517A00/US, 518200/US, 5416A0/US"
"54151A/US","Other computer related services, including facilities management","423400/US, 423600/US, 518200/US"
"541610/US","Management consulting","484000/US, 48A000/US, 493000/US, 541200/US, S00500/US"
"5416A0/US","Environmental and other technical consulting services","511120/US, 511130/US, 517110/US, 562000/US, GSLGO/US, S00500/US"
"541700/US","Scientific research and development","211000/US, 212100/US, 212230/US, 2122A0/US, 212310/US, 2123A0/US, 213111/US, 21311A/US, 221100/US, 221200/US, 221300/US, 230301/US, 311111/US, 311119/US, 311210/US, 311221/US, 311224/US, 311225/US, 311230/US, 311300/US, 311410/US, 311420/US, 311513/US, 311514/US, 31151A/US, 311520/US, 311615/US, 31161A/US, 311700/US, 311810/US, 3118A0/US, 311910/US, 311920/US, 311930/US, 311940/US, 311990/US, 312110/US, 312120/US, 312130/US, 312140/US, 312200/US, 313100/US, 313200/US, 313300/US, 314110/US, 314120/US, 314900/US, 315000/US, 316000/US, 321100/US, 321200/US, 321910/US, 3219A0/US, 322110/US, 322120/US, 322130/US, 322210/US, 322220/US, 322230/US, 322291/US, 322299/US, 323110/US, 323120/US, 324110/US, 324121/US, 324122/US, 324190/US, 325110/US, 325120/US, 325130/US, 325180/US, 325190/US, 325211/US, 3252A0/US, 325310/US, 325320/US, 325411/US, 325412/US, 325413/US, 325414/US, 325510/US, 325520/US, 325610/US, 325620/US, 325910/US, 3259A0/US, 326110/US, 326120/US, 326130/US, 326140/US, 326150/US, 326160/US, 326190/US, 326210/US, 326220/US, 326290/US, 327100/US, 327200/US, 327310/US, 327320/US, 327330/US, 327390/US, 327400/US, 327910/US, 327991/US, 327992/US, 327993/US, 327999/US, 331110/US, 331200/US, 331313/US, 331314/US, 33131B/US, 331410/US, 331420/US, 331490/US, 331510/US, 331520/US, 332114/US, 332119/US, 33211A/US, 332200/US, 332310/US, 332320/US, 332410/US, 332420/US, 332430/US, 332500/US, 332600/US, 332710/US, 332720/US, 332800/US, 332913/US, 33291A/US, 332991/US, 332996/US, 332999/US, 33299A/US, 333111/US, 333112/US, 333120/US, 333130/US, 333242/US, 33329A/US, 333314/US, 333316/US, 333318/US, 333413/US, 333414/US, 333415/US, 333511/US, 333514/US, 333517/US, 33351B/US, 333611/US, 333612/US, 333613/US, 333618/US, 333912/US, 333914/US, 333920/US, 333991/US, 333993/US, 333994/US, 33399A/US, 33399B/US, 334111/US, 334112/US, 334118/US, 334210/US, 334220/US, 334290/US, 334300/US, 334413/US, 334418/US, 33441A/US, 334510/US, 334511/US, 334512/US, 334513/US, 334514/US, 334515/US, 334516/US, 334517/US, 33451A/US, 334610/US, 335110/US, 335120/US, 335210/US, 335220/US, 335311/US, 335312/US, 335313/US, 335314/US, 335911/US, 335912/US, 335920/US, 335930/US, 335991/US, 335999/US, 336111/US, 336112/US, 336120/US, 336211/US, 336212/US, 336213/US, 336214/US, 336310/US, 336320/US, 336350/US, 336360/US, 336370/US, 336390/US, 3363A0/US, 336411/US, 336412/US, 336413/US, 336414/US, 33641A/US, 336991/US, 336992/US, 336999/US, 337215/US, 33721A/US, 337900/US, 339112/US, 339113/US, 339114/US, 339115/US, 339116/US, 339910/US, 339920/US, 339930/US, 339940/US, 339950/US, 339990/US, 423100/US, 423400/US, 423600/US, 423800/US, 423A00/US, 424200/US, 424400/US, 424700/US, 424A00/US, 425000/US, 441000/US, 444000/US, 445000/US, 446000/US, 448000/US, 454000/US, 481000/US, 482000/US, 483000/US, 484000/US, 485000/US, 486000/US, 48A000/US, 492000/US, 493000/US, 4B0000/US, 511110/US, 511120/US, 511130/US, 5111A0/US, 511200/US, 512100/US, 512200/US, 515100/US, 515200/US, 517110/US, 517210/US, 517A00/US, 518200/US, 519130/US, 5191A0/US, 522A00/US, 523900/US, 523A00/US, 524113/US, 5241XX/US, 524200/US, 525000/US, 52A000/US, 531HST/US, 531ORE/US, 532100/US, 532400/US, 532A00/US, 533000/US, 541100/US, 541200/US, 541300/US, 541400/US, 541511/US, 541512/US, 54151A/US, 541610/US, 5416A0/US, 541800/US, 541920/US, 541940/US, 5419A0/US, 550000/US, 561100/US, 561200/US, 561300/US, 561400/US, 561500/US, 561600/US, 561700/US, 561900/US, 562000/US, 611A00/US, 611B00/US, 621100/US, 621200/US, 621300/US, 621400/US, 621500/US, 621600/US, 621900/US, 622000/US, 623A00/US, 623B00/US, 624100/US, 624400/US, 624A00/US, 711200/US, 711A00/US, 712000/US, 713100/US, 713200/US, 713900/US, 721000/US, 811200/US, 811300/US, 812900/US, GSLGE/US, GSLGH/US, S00500/US, S00600/US"
"541800/US","Advertising and public relations","485000/US, 5191A0/US, 711100/US, 711200/US, 711500/US, 711A00/US, 712000/US, 713100/US, 813A00/US, 813B00/US"
"541920/US","Photographers","812900/US"
"541940/US","Veterinarians","812900/US"
"5419A0/US","Marketing research and all other miscellaneous professional, scientific, and technical services","4B0000/US, 531ORE/US, S00500/US"
"561200/US","Facilities support","5416A0/US, 561100/US"
"561300/US","Employment services","541511/US, 541512/US, 54151A/US"
"561400/US","Business support","423400/US, 424A00/US, 445000/US, 4B0000/US, GSLGE/US, GSLGO/US"
"561600/US","Investigation and security","GSLGO/US"
"561700/US","Buildings and dwellings services","541300/US, GSLGO/US"
"561900/US","Other support services","48A000/US, 561400/US, GSLGO/US"
"562000/US","Waste management and remediation","221300/US, 511110/US"
"611B00/US","Other educational services","4B0000/US, 532400/US, 541511/US, 541512/US, 54151A/US, 711200/US, 713900/US, 812100/US, S00500/US"
"621300/US","Healthcare practitioners (except physicians and dentists)","446000/US"
"621400/US","Outpatient healthcare","623B00/US, 624100/US"
"621600/US","Home healthcare","622000/US, 623A00/US, 623B00/US"
"622000/US","Hospitals","S00500/US, S00600/US"
"623B00/US","Residential mental retardation, mental health, substance abuse and other facilities","623A00/US"
"624100/US","Individual and family services","623B00/US"
"624400/US","Child day care","623B00/US, 713900/US, GSLGO/US"
"624A00/US","Community food, housing, and other relief services, including rehabilitation services","624100/US"
"711100/US","Performances","713200/US, 721000/US"
"711200/US","Sports","611A00/US, 713900/US, GSLGE/US"
"711500/US","Independent artists, writers, and performers","S00500/US"
"711A00/US","Promoters and agents","711200/US, 713900/US, GSLGE/US"
"712000/US","Museums, historical sites, zoos, and parks","GSLGO/US"
"713100/US","Amusement parks and arcades","713900/US"
"713200/US","Gambling establishments (except casino hotels)","483000/US, 711200/US, 713900/US, 721000/US, 722110/US, 722211/US, 722A00/US"
"713900/US","Golf courses, marinas, ski resorts, fitness and other rec centers and industries","441000/US, 454000/US, 4B0000/US, 712000/US, 721000/US, GSLGE/US"
"721000/US","Hotels and campgrounds","531ORE/US, 611100/US, 611A00/US, 712000/US, 713100/US, 713900/US, 722110/US, GSLGE/US"
"722110/US","Full-service restaurants","611A00/US, 813B00/US, GSLGO/US"
"722211/US","Limited-service restaurants","445000/US, 446000/US, 447000/US, 452000/US, 454000/US, 4B0000/US, 621100/US, 621300/US, 621400/US, 622000/US, 623A00/US, 623B00/US, 711100/US, 711200/US, 711500/US, 711A00/US, 712000/US, 713100/US, 713200/US, 713900/US, 813B00/US, GSLGO/US"
"722A00/US","All other food and drinking places","445000/US, 447000/US, 452000/US, 454000/US, 611100/US, 611A00/US, 721000/US, 722110/US, 722211/US, GSLGE/US, GSLGO/US"
"811100/US","Vehicle repair","423100/US, 441000/US, 447000/US, 452000/US, 48A000/US, 532100/US, 611A00/US"
"811200/US","Electronic  equipment repair and maintenance","423400/US, 423600/US, 423800/US, 424A00/US, 452000/US, 454000/US, 4B0000/US, 511200/US, 517110/US, 517210/US, 517A00/US, 518200/US, 541511/US, 541512/US, 54151A/US, 541920/US, 811100/US, 811300/US"
"811300/US","Commercial machinery repair","423400/US, 423600/US, 423800/US, 423A00/US, 424700/US, 424A00/US, 425000/US, 532400/US, 532A00/US, 811100/US, 811200/US"
"811400/US","Household goods repair","423A00/US, 424200/US, 424400/US, 424A00/US, 441000/US, 444000/US, 446000/US, 448000/US, 452000/US, 454000/US, 4B0000/US, 532A00/US, 713900/US, 811100/US, 811200/US, 812300/US"
"812100/US","Salons and barber shops","611A00/US"
"812300/US","Dry-cleaning and laundry","721000/US"
"812900/US","Pet care, photofinishing, parking and other sundry services","446000/US, 4B0000/US, 532A00/US, 541940/US, 711200/US, 712000/US, 713100/US, 713900/US, 721000/US, GSLGE/US, GSLGO/US"
"S00102/US","Other federal government enterprises","S00600/US"
