"","Sum Intermediate Reqs","Sum Intermediate Reqs Scrap Adj","Rel_Diff"
"331110/US",0.750240760793467,0.552480188922734,0.357950521730635
"331510/US",0.58826185878607,0.439392043604906,0.338808627392957
"331313/US",0.826344404106008,0.659903593336942,0.252219888555876
"331200/US",0.666599116285747,0.627820001409679,0.0617678869564445
"322130/US",0.671377300034552,0.63680784431284,0.0542855368859584
"33291A/US",0.549253704077627,0.527838062215749,0.040572371329153
"331420/US",0.814520016996934,0.783669527377879,0.0393667082121718
"331490/US",0.679724914631333,0.654105307708307,0.0391674041184374
"322299/US",0.631751333829701,0.610395736947714,0.0349864777705956
"322230/US",0.704322256113907,0.681717808743431,0.0331580708037262
"33131B/US",0.757866123102784,0.733661502277709,0.032991537309685
"331520/US",0.592801475248255,0.576225066806742,0.0287672463354881
"322110/US",0.700981969491025,0.684507588488586,0.0240674921352084
"324190/US",0.710593079164245,0.696601135262888,0.0200860193776111
"331410/US",0.704414345297208,0.694750180060025,0.0139102738143192
"322120/US",0.664190847414599,0.655281902771199,0.0135955908529203
"322291/US",0.662867879523868,0.658541355148367,0.00656985979950507
"327200/US",0.548064031310998,0.545029073280618,0.00556843328028743
"333912/US",0.654842111663411,0.652621052669028,0.00340329044749414
"314900/US",0.56286508645428,0.561631620611647,0.00219621865536974
"335920/US",0.661871677007812,0.66045825779679,0.00214005835241849
"334512/US",0.263043022399238,0.262574036140319,0.00178611056071117
"3259A0/US",0.645261068524032,0.644413452900351,0.00131532887755049
"33399B/US",0.626778544431308,0.626069749991137,0.00113213334485735
"326210/US",0.649749527143843,0.649115705618443,0.000976438437576562
"33211A/US",0.651049524753044,0.65059364987127,0.000700706011908236
"335930/US",0.451998779333757,0.451710955094617,0.000637186758243739
"423A00/US",0.471016289984451,0.470723200869438,0.000622635796306765
"334513/US",0.246655487597673,0.246509286012329,0.000593087537225795
"233230/US",0.44805638959927,0.447813450648118,0.000542500344283048
"333914/US",0.594878322702423,0.594696118700297,0.000306381690407179
"33399A/US",0.591345754569017,0.591214630083265,0.00022178829663642
"326190/US",0.672257304801209,0.672124915948187,0.000196970607517758
"541700/US",0.437397762905298,0.43731447811394,0.000190445996017862
"326290/US",0.659799175880546,0.659694681126361,0.00015839866103914
"335314/US",0.519947593411972,0.519894027079485,0.000103033175410782
"334118/US",0.396047067014999,0.396020575268981,6.68948728250172e-05
"325910/US",0.682037519288725,0.682002631374489,5.11551020943228e-05
"316000/US",0.575182919074049,0.575159127398484,4.13653794765e-05
"325180/US",0.547847357837256,0.547825540558869,3.98252304284521e-05
"311514/US",0.731673068305881,0.73164417264508,3.94941446695928e-05
"541511/US",0.317529401396888,0.317518043650328,3.57703972645206e-05
"311300/US",0.72857973453948,0.728553930186423,3.54185901519697e-05
"314120/US",0.638286348276527,0.63826505550747,3.33603866811961e-05
"33451A/US",0.333968086061525,0.333957001774762,3.31907602001053e-05
"335999/US",0.574665103921281,0.574648430854118,2.90143786489006e-05
"333130/US",0.646886215929047,0.646869673782409,2.55726111584351e-05
"326220/US",0.614151331664214,0.614137355864897,2.27567972921352e-05
"313200/US",0.668632139428916,0.668616933522308,2.27423294946435e-05
"334511/US",0.272121480713993,0.272115417139352,2.22830984894482e-05
"333316/US",0.516080231691705,0.51607256892789,1.48482292533539e-05
"314110/US",0.633271989519848,0.633264094870161,1.24665992449767e-05
"325190/US",0.729875891743168,0.72986776287165,1.11374579501206e-05
"311420/US",0.748206850367879,0.748200473504174,8.52293460259155e-06
"335912/US",0.294293326361923,0.294291984779853,4.55867689134654e-06
"311940/US",0.695488254748212,0.695486514430737,2.50230225703369e-06
"334413/US",0.245249066489139,0.245248516419838,2.24290572205334e-06
"311230/US",0.707308617309972,0.707307421134281,1.69116802001684e-06
"31151A/US",0.799805247765573,0.799803900130662,1.68495666333505e-06
"325320/US",0.60695084085824,0.606950017276905,1.35691788801479e-06
"33441A/US",0.300841587924098,0.300841208376327,1.26162161458532e-06
"327991/US",0.554716701444748,0.5547160352429,1.20097816925947e-06
"3118A0/US",0.683337954285787,0.683337284179732,9.80637337021415e-07
"311920/US",0.754944134852439,0.754943578618708,7.36788479365179e-07
"325610/US",0.500499554587773,0.50049921320703,6.820804770738e-07
"325414/US",0.389210390487668,0.389210192482784,5.08735094477725e-07
"311990/US",0.753315115524599,0.753314871639746,3.23748890322367e-07
"334517/US",0.331701788048236,0.331701689298295,2.97707079279709e-07
"311410/US",0.714614864327321,0.714614691315858,2.42104542385375e-07
"339112/US",0.364014467394566,0.364014402381725,1.78599639241448e-07
"325310/US",0.57201284747093,0.572012746748763,1.76083779915151e-07
"325412/US",0.387054393022305,0.387054334123993,1.52170655617635e-07
"311930/US",0.509116625540427,0.50911655490874,1.38733825914242e-07
"339990/US",0.523213014715846,0.523212942944386,1.37174473751547e-07
"312110/US",0.703582549705727,0.70358245952722,1.28170487571113e-07
"424400/US",0.466955503870624,0.466955449884708,1.15612562244819e-07
"311520/US",0.746592920901849,0.746592848592516,9.68524319689095e-08
"325411/US",0.500714550799701,0.500714535756036,3.00443930423309e-08
"311513/US",0.830549425643204,0.830549403026222,2.72313505632895e-08
"334510/US",0.358590143907279,0.35859014041087,9.75043322078191e-09
"325620/US",0.464963799177938,0.464963796293758,6.20302191170139e-09
"311810/US",0.59348415518458,0.593484152094805,5.20616259172238e-09
"31161A/US",0.827888927163391,0.827888926601575,6.78613355213499e-10
"1111A0/US",0.537682742896474,0.537682742896474,0
"1111B0/US",0.830511092665408,0.830511092665408,0
"111200/US",0.566612434168706,0.566612434168706,0
"111300/US",0.391179417495366,0.391179417495366,0
"111400/US",0.48352123740992,0.48352123740992,0
"111900/US",0.658272567447647,0.658272567447647,0
"112120/US",0.750492497563262,0.750492497563262,0
"1121A0/US",0.689914767003084,0.689914767003084,0
"112300/US",0.869631735304679,0.869631735304679,0
"212100/US",0.479347315561917,0.479347315561917,0
"212230/US",0.480387836051124,0.480387836051124,0
"2122A0/US",0.565840041468815,0.565840041468815,0
"212310/US",0.449443561956842,0.449443561956842,0
"213111/US",0.487784811859079,0.487784811859079,0
"21311A/US",0.478801413630587,0.478801413630587,0
"221100/US",0.372644351176308,0.372644351176308,0
"221200/US",0.359588927421787,0.359588927421787,0
"233262/US",0.421062448248697,0.421062448248697,0
"230301/US",0.491575967843075,0.491575967843075,0
"230302/US",0.443753314592691,0.443753314592691,0
"2334A0/US",0.563488199873266,0.563488199873266,0
"233240/US",0.344187166368154,0.344187166368154,0
"233411/US",0.442175513643206,0.442175513643206,0
"327310/US",0.45610802928134,0.45610802928134,0
"327320/US",0.63629780629365,0.63629780629365,0
"327330/US",0.491630987048283,0.491630987048283,0
"327992/US",0.539811171030884,0.539811171030884,0
"327993/US",0.490705356569543,0.490705356569543,0
"327999/US",0.535896977717087,0.535896977717087,0
"334112/US",0.297436297464715,0.297436297464715,0
"334220/US",0.299443304127952,0.299443304127952,0
"334290/US",0.3253981390639,0.3253981390639,0
"334516/US",0.301736925653545,0.301736925653545,0
"335110/US",0.417971120084978,0.417971120084978,0
"335311/US",0.453992757119728,0.453992757119728,0
"335991/US",0.452923092368063,0.452923092368063,0
"336111/US",0.700823337627211,0.700823337627211,0
"336213/US",0.740783977550051,0.740783977550051,0
"336414/US",0.487255950953143,0.487255950953143,0
"339114/US",0.477071606426242,0.477071606426242,0
"339116/US",0.450002381225791,0.450002381225791,0
"311111/US",0.728639729951159,0.728639729951159,0
"311210/US",0.776589279223864,0.776589279223864,0
"311221/US",0.76563259216508,0.76563259216508,0
"311225/US",0.847563922611542,0.847563922611542,0
"311224/US",0.880414868122314,0.880414868122314,0
"311615/US",0.738821854222172,0.738821854222172,0
"311700/US",0.777217343609058,0.777217343609058,0
"312120/US",0.544860576061506,0.544860576061506,0
"312130/US",0.579348989342164,0.579348989342164,0
"312140/US",0.501281366792421,0.501281366792421,0
"313100/US",0.766312049433254,0.766312049433254,0
"324121/US",0.774236932708183,0.774236932708183,0
"325413/US",0.463219981767365,0.463219981767365,0
"423400/US",0.407148544728484,0.407148544728484,0
"423600/US",0.501634761451301,0.501634761451301,0
"424200/US",0.498581335646949,0.498581335646949,0
"424700/US",0.219507686735641,0.219507686735641,0
"425000/US",0.395160124752206,0.395160124752206,0
"441000/US",0.337904940731026,0.337904940731026,0
"452000/US",0.358276159623931,0.358276159623931,0
"446000/US",0.34269113578687,0.34269113578687,0
"447000/US",0.428432776986539,0.428432776986539,0
"448000/US",0.501774132739259,0.501774132739259,0
"454000/US",0.382437988498799,0.382437988498799,0
"481000/US",0.455443820530082,0.455443820530082,0
"482000/US",0.443187310367128,0.443187310367128,0
"483000/US",0.743078634603656,0.743078634603656,0
"484000/US",0.514965263039159,0.514965263039159,0
"485000/US",0.649250770827502,0.649250770827502,0
"486000/US",0.157046401632408,0.157046401632408,0
"492000/US",0.431240704790508,0.431240704790508,0
"493000/US",0.50679081001336,0.50679081001336,0
"511110/US",0.313157891871341,0.313157891871341,0
"511120/US",0.383396064151941,0.383396064151941,0
"511200/US",0.374418400369021,0.374418400369021,0
"512100/US",0.366595380836774,0.366595380836774,0
"512200/US",0.255155720854086,0.255155720854086,0
"515100/US",0.483512251141215,0.483512251141215,0
"515200/US",0.436841284166614,0.436841284166614,0
"517110/US",0.45574231287214,0.45574231287214,0
"517210/US",0.455736994172281,0.455736994172281,0
"517A00/US",0.472960893933963,0.472960893933963,0
"518200/US",0.401883009083222,0.401883009083222,0
"519130/US",0.391790097867002,0.391790097867002,0
"522A00/US",0.467944005298832,0.467944005298832,0
"52A000/US",0.337737088510554,0.337737088510554,0
"523900/US",0.480723949252461,0.480723949252461,0
"523A00/US",0.467659406022828,0.467659406022828,0
"524113/US",0.403420720289161,0.403420720289161,0
"5241XX/US",0.467566685836917,0.467566685836917,0
"524200/US",0.450642775097916,0.450642775097916,0
"531HSO/US",0.136847581087006,0.136847581087006,0
"531HST/US",0.0616738645603298,0.0616738645603298,0
"531ORE/US",0.589491202756536,0.589491202756536,0
"532100/US",0.460006667648726,0.460006667648726,0
"532A00/US",0.403241488854367,0.403241488854367,0
"533000/US",0.348550441267195,0.348550441267195,0
"541100/US",0.248917479331759,0.248917479331759,0
"541512/US",0.34351844778613,0.34351844778613,0
"54151A/US",0.342927181439559,0.342927181439559,0
"541200/US",0.277459666228153,0.277459666228153,0
"541610/US",0.32108751928806,0.32108751928806,0
"541400/US",0.310926089634819,0.310926089634819,0
"541920/US",0.401426264177222,0.401426264177222,0
"541940/US",0.30318587814929,0.30318587814929,0
"5419A0/US",0.368812446969945,0.368812446969945,0
"550000/US",0.349070948687319,0.349070948687319,0
"561300/US",0.354371495743127,0.354371495743127,0
"561100/US",0.362692681758745,0.362692681758745,0
"561200/US",0.523573383499699,0.523573383499699,0
"561500/US",0.557710426876912,0.557710426876912,0
"611100/US",0.227186451228043,0.227186451228043,0
"611A00/US",0.252823286014792,0.252823286014792,0
"611B00/US",0.466584320827904,0.466584320827904,0
"621100/US",0.377521171064628,0.377521171064628,0
"621200/US",0.235146301606389,0.235146301606389,0
"621300/US",0.250154589165632,0.250154589165632,0
"621400/US",0.384229052820307,0.384229052820307,0
"621500/US",0.280498321911888,0.280498321911888,0
"621600/US",0.31035253022229,0.31035253022229,0
"621900/US",0.475525945093575,0.475525945093575,0
"622000/US",0.44026747828411,0.44026747828411,0
"623A00/US",0.412523687738675,0.412523687738675,0
"623B00/US",0.336301347417943,0.336301347417943,0
"711100/US",0.4340773496181,0.4340773496181,0
"711200/US",0.28247846089715,0.28247846089715,0
"711500/US",0.295149103077879,0.295149103077879,0
"713100/US",0.337018465758242,0.337018465758242,0
"811100/US",0.414152084174002,0.414152084174002,0
"811200/US",0.410332510168002,0.410332510168002,0
"811300/US",0.418185791106573,0.418185791106573,0
"812100/US",0.446445095760322,0.446445095760322,0
"812200/US",0.40347767367266,0.40347767367266,0
"812300/US",0.33651576706314,0.33651576706314,0
"813100/US",0.310431353805712,0.310431353805712,0
"813A00/US",0.342686647222502,0.342686647222502,0
"813B00/US",0.380545849456265,0.380545849456265,0
"S00500/US",0.35026686572137,0.35026686572137,0
"S00600/US",0.268473495809804,0.268473495809804,0
"491000/US",0.182151916023912,0.182151916023912,0
"S00102/US",0.652480559394665,0.652480559394665,0
"GSLGE/US",0.207644674689062,0.207644674689062,0
"GSLGH/US",0.497676841271059,0.497676841271059,0
"S00203/US",0.536126844522243,0.536126844522243,0
"S00900/US",0.268473495809804,0.268473495809804,0
"445000/US",0.354270822779716,0.354270830484886,-2.17493796162871e-08
"336112/US",0.737387524651676,0.737387550369639,-3.48771314683464e-08
"713200/US",0.45830984217117,0.458309865590254,-5.10988008742359e-08
"4B0000/US",0.351559789477782,0.35155981995054,-8.66787261902922e-08
"337121/US",0.657239518188421,0.657239651102779,-2.02231191497945e-07
"333314/US",0.53693003390801,0.536930170366501,-2.54145693290219e-07
"325110/US",0.661111641583375,0.661111900621361,-3.91821697045368e-07
"335313/US",0.548567259005537,0.548567486087589,-4.13954632199712e-07
"335210/US",0.463280534427861,0.463280755786804,-4.77807333457804e-07
"336120/US",0.776767279617279,0.77676765599333,-4.84541353416724e-07
"336214/US",0.660825252423829,0.660825574507827,-4.87396387534848e-07
"324110/US",0.777791616611426,0.777792015179077,-5.12434742185571e-07
"334610/US",0.265487758311185,0.265487923305325,-6.21475122178753e-07
"336992/US",0.554752016671641,0.554752486759676,-8.47383376362538e-07
"334418/US",0.306171801913014,0.306172077007468,-8.9849621862279e-07
"337900/US",0.676753140655211,0.676753788751409,-9.57654332479156e-07
"334515/US",0.321381994956865,0.321382306861093,-9.70508398695638e-07
"624A00/US",0.555574746954135,0.555575324372376,-1.03931584931911e-06
"324122/US",0.634651773516661,0.634652500909807,-1.14612822783757e-06
"722A00/US",0.35807003169313,0.358070442813973,-1.1481563246605e-06
"336612/US",0.733846270892718,0.733847296104414,-1.39703682448137e-06
"334514/US",0.457366178688493,0.457366860167057,-1.49000424771436e-06
"335120/US",0.528473450572792,0.528474409037513,-1.8136445294851e-06
"334111/US",0.322624660851162,0.32262556677294,-2.80796648156457e-06
"325520/US",0.596601823242074,0.596603542660727,-2.88201214068401e-06
"339115/US",0.388106491490647,0.388107820363154,-3.4239776619893e-06
"336411/US",0.502784694503381,0.502786491214962,-3.57350806492546e-06
"325130/US",0.63571013156512,0.635712515171977,-3.74950437502073e-06
"325510/US",0.621703221941972,0.62170555728451,-3.75634817888267e-06
"336212/US",0.738215597584656,0.738218516591057,-3.95412243934353e-06
"337122/US",0.611127910238697,0.611130369952494,-4.02485937302301e-06
"327400/US",0.500990453672485,0.500992538178993,-4.16075360209102e-06
"33641A/US",0.729111264544477,0.729114355132268,-4.2388244975119e-06
"336999/US",0.677852326654451,0.677855488648082,-4.66470167116786e-06
"333994/US",0.601703820276399,0.601706773717438,-4.90843907395385e-06
"233412/US",0.431664168195194,0.431666320298258,-4.98557094592175e-06
"335911/US",0.640004433400999,0.640007715265049,-5.12785076096021e-06
"336991/US",0.5113408587752,0.511343632297928,-5.42398996219471e-06
"335312/US",0.61609581821542,0.616099297870834,-5.64788083141904e-06
"334210/US",0.349721618891618,0.349723613254745,-5.70268363820034e-06
"233210/US",0.350965288526039,0.350967467336716,-6.20801322055596e-06
"337127/US",0.608659277534513,0.608663091440398,-6.26603771093556e-06
"325120/US",0.63500869546926,0.635012738879601,-6.36744760167908e-06
"311119/US",0.847029108879557,0.847034654632998,-6.54725684523176e-06
"2332A0/US",0.487871484271838,0.487874777609552,-6.75037502441323e-06
"339113/US",0.412367690289735,0.412370650946199,-7.17960033643228e-06
"3252A0/US",0.682397483844891,0.682402564615197,-7.44541502176465e-06
"511130/US",0.524006942516217,0.524011713632166,-9.10497957303911e-06
"333991/US",0.566201484846096,0.566206646852629,-9.11682432852633e-06
"444000/US",0.272999499161344,0.273002365286306,-1.04985352720426e-05
"333920/US",0.620149348931647,0.62015598867479,-1.07065694185523e-05
"532400/US",0.423295219558435,0.423299955819486,-1.11889004145091e-05
"211000/US",0.366032718229398,0.36603688272244,-1.13772497769309e-05
"327100/US",0.509664760355423,0.50967092387749,-1.20931404530412e-05
"333612/US",0.585508489652985,0.58551558445376,-1.21171852009627e-05
"424A00/US",0.437870594275581,0.437875956911254,-1.22469288129386e-05
"722211/US",0.522939565813913,0.522946174446582,-1.26373095214639e-05
"811400/US",0.463413662117079,0.463419898919655,-1.34582105588703e-05
"561700/US",0.477324069861928,0.477330602238133,-1.36852239819557e-05
"313300/US",0.682200225111324,0.682209569912817,-1.36978458013027e-05
"333120/US",0.617995463725429,0.618004164518982,-1.40788590966696e-05
"336211/US",0.722377882855231,0.722388055869949,-1.40824791267102e-05
"333413/US",0.579763049065386,0.579772051383912,-1.55273413129022e-05
"333993/US",0.597804695277251,0.597814376751181,-1.61947827054124e-05
"722110/US",0.410390246671385,0.410396894861507,-1.61994162359554e-05
"721000/US",0.358951961559927,0.358957851838291,-1.64093871575651e-05
"325211/US",0.732946421713766,0.732959484486913,-1.78219579977939e-05
"624100/US",0.35615903060903,0.35616545590084,-1.80401880754829e-05
"335220/US",0.524718779471247,0.52472915727828,-1.97774544996756e-05
"48A000/US",0.521532939417854,0.521544436965845,-2.20451934214453e-05
"327910/US",0.349911812804839,0.349920011899331,-2.34313391996756e-05
"337110/US",0.553720090821981,0.553733133500191,-2.35540866540349e-05
"327390/US",0.515971658372784,0.515985063486486,-2.59796545499088e-05
"339940/US",0.582777184494797,0.582794128941709,-2.90744983024289e-05
"33712N/US",0.69816202219613,0.698185764129313,-3.40051808600191e-05
"5111A0/US",0.400757661759399,0.400772192031721,-3.62556899180179e-05
"221300/US",0.514111871223957,0.514135795441441,-4.65328765216753e-05
"423800/US",0.426667410079759,0.426687881921113,-4.79784925258428e-05
"33721A/US",0.624407820546763,0.624438874463385,-4.97309150537056e-05
"812900/US",0.4633505633536,0.463374237988328,-5.10918233850149e-05
"711A00/US",0.436178660735422,0.436202520430445,-5.46986638209765e-05
"333318/US",0.595986780249267,0.596021271126825,-5.78685346123732e-05
"311910/US",0.657687819103235,0.657732498679355,-6.79297073045471e-05
"541300/US",0.368337387998494,0.368363591323553,-7.11344054515959e-05
"561400/US",0.462124988079926,0.462158194935052,-7.18517068188925e-05
"339920/US",0.528111127119073,0.528149202359992,-7.20918269858577e-05
"312200/US",0.261009900121158,0.261030677782406,-7.9598541536663e-05
"112A00/US",0.310839518220414,0.310866358095736,-8.63389512029285e-05
"339950/US",0.566084948579884,0.566133828180866,-8.63393045047826e-05
"5416A0/US",0.414120287891423,0.414159525948038,-9.47414079772006e-05
"423100/US",0.513772108324635,0.513821880350022,-9.68663019038853e-05
"339910/US",0.602824851046187,0.602891651483258,-0.000110800069808123
"713900/US",0.457082846410587,0.457135672286902,-0.000115558420655527
"333415/US",0.609390735080876,0.609463044238441,-0.000118644039615556
"541800/US",0.397855678747726,0.397910018502552,-0.000136562922016307
"315000/US",0.33228825407601,0.332338078798061,-0.000149921797199648
"333112/US",0.650053097475787,0.650158966651199,-0.00016283583068576
"332913/US",0.640629900533794,0.640740284242975,-0.000172275275795004
"2332D0/US",0.419249971175794,0.419322704159382,-0.000173453483119974
"336412/US",0.605511930866319,0.605617374727402,-0.0001741097027322
"2123A0/US",0.46702374422906,0.467105530033233,-0.000175090635659923
"2332C0/US",0.465941338227282,0.466025438598506,-0.000180463048277294
"337215/US",0.588626436685859,0.588740389063079,-0.000193552844914689
"336611/US",0.521073798116166,0.52117583268767,-0.000195777634159299
"561600/US",0.346841124129101,0.346911478038175,-0.000202800753297127
"624400/US",0.448400909362376,0.448494540541766,-0.000208767712706514
"333242/US",0.498673278820904,0.498783258119576,-0.000220495168756319
"113000/US",0.444049955567465,0.44415596416295,-0.000238674258680459
"114000/US",0.234405283651259,0.234461587866612,-0.000240142600185614
"339930/US",0.37069003374831,0.37079327667507,-0.000278437968687963
"525000/US",0.866543550333224,0.866805402467183,-0.000302088719352871
"334300/US",0.368608920455967,0.368722194116621,-0.000307205973661709
"33329A/US",0.622206736649914,0.622407820762558,-0.000323074527562338
"115000/US",0.247188863904668,0.247272744879505,-0.00033922450643535
"321100/US",0.709006281777518,0.709256747687901,-0.000353138565406148
"326160/US",0.69993256976624,0.700187207807045,-0.000363671369551632
"333611/US",0.576027554679702,0.576238138368808,-0.00036544559459602
"712000/US",0.411088082147894,0.411265068348045,-0.000430345812890124
"322220/US",0.673586091602974,0.673882314077414,-0.000439575973804766
"561900/US",0.446844061856511,0.447055056919944,-0.000471966618354921
"336413/US",0.524464388954216,0.524798297703015,-0.000636261112621849
"333618/US",0.756327449254207,0.756920479833733,-0.000783478047331882
"332410/US",0.584850213266445,0.585368691840666,-0.000885729936444262
"336310/US",0.775624451365083,0.776377990486355,-0.000970582796660573
"5191A0/US",0.15406483600575,0.154221426853234,-0.0010153637576727
"336500/US",0.754586101371885,0.755412609342161,-0.00109411460710904
"332991/US",0.506332584911914,0.506905973562313,-0.00113115386344652
"333517/US",0.56802893346483,0.568681800360671,-0.00114803550144627
"333111/US",0.612463989518914,0.613176500109737,-0.00116199918081668
"332200/US",0.534046750772131,0.534674050602443,-0.00117323784388749
"333414/US",0.576662209683506,0.577427023577815,-0.00132452043822061
"326140/US",0.7224639907976,0.723424681921077,-0.00132797670232256
"323120/US",0.452377984759495,0.452984704989657,-0.00133938347912989
"336350/US",0.705469402086042,0.706442214686931,-0.00137705898750717
"33299A/US",0.504106071504823,0.504818781130583,-0.00141181281758933
"326110/US",0.706352373680732,0.707462908060646,-0.00156974219745047
"326130/US",0.590529683768718,0.591478336260895,-0.00160386684350049
"332500/US",0.652585715212666,0.65364265273539,-0.00161699595077075
"333511/US",0.543306041774083,0.544256255340001,-0.0017458936973077
"332320/US",0.590013439955478,0.591064502126202,-0.00177825290969636
"336360/US",0.744535841529614,0.746019803127546,-0.00198917185805235
"336390/US",0.724279198569775,0.72590070012369,-0.00223377874362075
"3219A0/US",0.668581121431892,0.670170829242631,-0.00237209341465397
"323110/US",0.51106412403335,0.512305126885706,-0.00242239007034775
"332710/US",0.492702057332923,0.493973408225859,-0.00257372334576131
"321200/US",0.642874627961217,0.64465493707003,-0.00276164659019699
"332996/US",0.511561981387775,0.513072636053213,-0.00294432904677647
"333613/US",0.556403122427056,0.558207294600026,-0.0032320827592598
"336370/US",0.70252181426195,0.70493983346761,-0.00343010721037684
"326150/US",0.698017310322782,0.700551930523683,-0.0036180332827105
"33351B/US",0.594692523859708,0.597081310668873,-0.00400077303791149
"333514/US",0.505237311453642,0.507384883617048,-0.00423262937613846
"3363A0/US",0.765315199711011,0.768606220543066,-0.00428180353488313
"GSLGO/US",0.380872047616351,0.382555161005427,-0.00439966195895013
"336320/US",0.728378415213764,0.731601963151223,-0.0044061499282674
"332310/US",0.654406253686464,0.65733157101003,-0.00445029183532327
"322210/US",0.742031758503689,0.746088034992786,-0.00543672636317852
"321910/US",0.637036808345814,0.64087144049693,-0.00598346549526876
"326120/US",0.649425068794585,0.653414892558167,-0.00610611084782888
"562000/US",0.521919110691664,0.525432182282794,-0.00668606094104688
"332420/US",0.566963625662069,0.57175511512028,-0.00838031760713475
"332800/US",0.522668095485096,0.527227450714332,-0.00864779560142137
"332430/US",0.656340874365793,0.663253712743796,-0.0104226154263133
"332720/US",0.591747585532234,0.598103980576018,-0.0106275752213886
"332114/US",0.718871954095637,0.728794355442511,-0.0136148164057185
"332999/US",0.59896695403163,0.608903598742738,-0.0163189127665287
"332600/US",0.589575827433241,0.600066177554008,-0.0174819886758614
"332119/US",0.594618616878059,0.62920177281782,-0.0549635386195505
"4200ID/US",0,0,NA
"814000/US",0,0,NA
"S00402/US",0,0,NA
"S00300/US",0,0,NA
